{"skeleton":{"hash":"KV+4jhMyVPVgnvKqsSXaeVO2DAo","spine":"3.8.75","x":1800.86,"y":-4158.71,"width":2502.14,"height":3443.71,"images":"","audio":"F:/Project senior/Ranged enemy"},"bones":[{"name":"root"},{"name":"Hip","parent":"root","x":3154.29,"y":-2992.65},{"name":"Leg R","parent":"Hip","length":350.16,"rotation":-91.38,"x":-85.14,"y":-29.03},{"name":"Leg L","parent":"Hip","length":342.91,"rotation":-79.27,"x":203.91,"y":-27.15,"shearY":-7.93},{"name":"body","parent":"Hip","length":141.55,"rotation":89.63,"x":-1.89,"y":35.36},{"name":"body2","parent":"body","length":141.55,"x":141.55},{"name":"body3","parent":"body2","length":141.55,"x":141.55},{"name":"body4","parent":"body3","length":141.55,"x":141.55},{"name":"Arm L top","parent":"body4","length":323.38,"rotation":-116.35,"x":96.31,"y":-276.41},{"name":"Arm L bot","parent":"Arm L top","length":329.26,"rotation":-104.96,"x":324.26,"y":-0.26},{"name":"Arm R top","parent":"body4","length":397.61,"rotation":126.89,"x":3.52,"y":16.59},{"name":"Arm R bot","parent":"Arm R top","length":344.61,"rotation":-100.29,"x":401.09,"y":-0.41},{"name":"gun","parent":"root","length":1200.45,"rotation":-156.6,"x":3307.52,"y":-2750.53},{"name":"Hand L","parent":"gun","length":267.3,"rotation":-30.96,"x":-280.44,"y":180.43,"color":"ff3f00ff"},{"name":"bone10","parent":"gun","length":185.97,"rotation":-101.36,"x":729.5,"y":27.69,"color":"ff3f00ff"},{"name":"face","parent":"body4","length":426.26,"rotation":2.06,"x":236.72,"y":-2.51},{"name":"hat","parent":"face","length":732.86,"rotation":12.35,"x":747.55,"y":-47.89},{"name":"Mask front","parent":"hat","length":81.23,"rotation":170.76,"x":-5.45,"y":357.91},{"name":"Mask back","parent":"hat","length":65.99,"rotation":174.38,"x":13.55,"y":-524.22},{"name":"Foot L","parent":"root","length":319.53,"rotation":-106.64,"x":3486.02,"y":-3693.34,"color":"ff3f00ff"},{"name":"Foot R","parent":"root","length":318.68,"rotation":-111.37,"x":3052.3,"y":-3721.82,"color":"ff3f00ff"},{"name":"Shround L","parent":"body4","length":84.26,"rotation":-106.28,"x":158.11,"y":-68.71},{"name":"shround R","parent":"body4","length":92.46,"rotation":143.71,"x":138.45,"y":36.39},{"name":"Leg R2","parent":"Leg R","length":350.16,"x":350.16},{"name":"Leg L2","parent":"Leg L","length":342.91,"x":342.91},{"name":"Mask front2","parent":"Mask front","length":81.23,"x":81.23},{"name":"Mask front3","parent":"Mask front2","length":81.23,"x":81.23},{"name":"Mask front4","parent":"Mask front3","length":81.23,"x":81.23},{"name":"Mask front5","parent":"Mask front4","length":81.23,"x":81.23},{"name":"Mask front6","parent":"Mask front5","length":81.23,"x":81.23},{"name":"Mask front7","parent":"Mask front6","length":81.23,"x":81.23},{"name":"Mask front8","parent":"Mask front7","length":81.23,"x":81.23},{"name":"Mask front9","parent":"Mask front8","length":81.23,"x":81.23},{"name":"Mask front10","parent":"Mask front9","length":81.23,"x":81.23},{"name":"Mask back2","parent":"Mask back","length":65.99,"x":65.99},{"name":"Mask back3","parent":"Mask back2","length":65.99,"x":65.99},{"name":"Mask back4","parent":"Mask back3","length":65.99,"x":65.99},{"name":"Mask back5","parent":"Mask back4","length":65.99,"x":65.99},{"name":"Mask back6","parent":"Mask back5","length":65.99,"x":65.99},{"name":"Mask back7","parent":"Mask back6","length":65.99,"x":65.99},{"name":"Mask back8","parent":"Mask back7","length":65.99,"x":65.99},{"name":"Mask back9","parent":"Mask back8","length":65.99,"x":65.99},{"name":"Mask back10","parent":"Mask back9","length":65.99,"x":65.99},{"name":"Leg R3","parent":"Hip","length":350.16,"rotation":-91.38,"x":-85.14,"y":-29.03,"color":"ff0000ff"},{"name":"Leg R4","parent":"Leg R3","length":350.16,"x":350.16,"color":"ff0000ff"},{"name":"Knee R","parent":"Hip","rotation":-91.38,"x":-93.59,"y":-379.09,"color":"ff0000ff"},{"name":"Leg L3","parent":"Hip","length":342.91,"rotation":-79.27,"x":203.91,"y":-27.15,"shearY":-7.93,"color":"ff0000ff"},{"name":"Leg L4","parent":"Leg L3","length":342.91,"x":342.91,"color":"ff0000ff"},{"name":"Hip2","parent":"Hip","rotation":-77.67,"x":258.52,"y":-365.69,"color":"ff0000ff"},{"name":"Arm L top2","parent":"body4","length":323.38,"rotation":-116.35,"x":96.32,"y":-276.42,"color":"ff0000ff"},{"name":"Arm L bot2","parent":"Arm L top2","length":329.26,"rotation":-104.96,"x":324.26,"y":-0.26,"color":"ff0000ff"},{"name":"Hip3","parent":"Hip","rotation":-134.82,"x":732.51,"y":439.62,"color":"ff3f00ff"},{"name":"Arm R top2","parent":"body4","length":397.61,"rotation":126.89,"x":3.52,"y":16.59,"color":"ff0000ff"},{"name":"Arm R bot2","parent":"Arm R top2","length":344.61,"rotation":-100.29,"x":401.09,"y":-0.41,"color":"ff0000ff"},{"name":"Hip4","parent":"Hip","rotation":233.07,"x":-256.72,"y":143.02,"color":"ff0000ff"},{"name":"Shround L2","parent":"Shround L","length":84.26,"x":84.26},{"name":"Shround L3","parent":"Shround L2","length":84.26,"x":84.26},{"name":"Shround L4","parent":"Shround L3","length":84.26,"x":84.26},{"name":"Shround L5","parent":"Shround L4","length":84.26,"x":84.26},{"name":"shround R2","parent":"shround R","length":92.46,"x":92.46},{"name":"shround R3","parent":"shround R2","length":92.46,"x":92.46},{"name":"shround R4","parent":"shround R3","length":92.46,"x":92.46},{"name":"shround R5","parent":"shround R4","length":92.46,"x":92.46},{"name":"Skrit Front","parent":"Hip","length":68.43,"rotation":-91.11,"x":-39.84,"y":70.55},{"name":"Skrit Front2","parent":"Skrit Front","length":68.43,"x":68.43},{"name":"Skrit Front3","parent":"Skrit Front2","length":68.43,"x":68.43},{"name":"Skrit Front4","parent":"Skrit Front3","length":68.43,"x":68.43},{"name":"Skrit Front5","parent":"Skrit Front4","length":68.43,"x":68.43},{"name":"Skrit Front6","parent":"Skrit Front5","length":68.43,"x":68.43},{"name":"Skrit Front7","parent":"Skrit Front6","length":68.43,"x":68.43},{"name":"Skrit Front8","parent":"Skrit Front7","length":68.43,"x":68.43},{"name":"Skrit Front9","parent":"Skrit Front8","length":68.43,"x":68.43},{"name":"Skrit Front10","parent":"Skrit Front9","length":68.43,"x":68.43},{"name":"Skirt L","parent":"Hip","length":67.17,"rotation":-83.83,"x":216.56,"y":97.72},{"name":"Skirt L2","parent":"Skirt L","length":67.17,"x":67.17},{"name":"Skirt L3","parent":"Skirt L2","length":67.17,"x":67.17},{"name":"Skirt L4","parent":"Skirt L3","length":67.17,"x":67.17},{"name":"Skirt L5","parent":"Skirt L4","length":67.17,"x":67.17},{"name":"Skirt L6","parent":"Skirt L5","length":67.17,"x":67.17},{"name":"Skirt L7","parent":"Skirt L6","length":67.17,"x":67.17},{"name":"Skirt L8","parent":"Skirt L7","length":67.17,"x":67.17},{"name":"Skirt L9","parent":"Skirt L8","length":67.17,"x":67.17},{"name":"Skirt L10","parent":"Skirt L9","length":67.17,"x":67.17},{"name":"bone","parent":"root","x":3207.99,"y":-4067.6,"scaleX":1.39,"scaleY":1.39}],"slots":[{"name":"Shadow","bone":"body","attachment":"Shadow"},{"name":"leg L","bone":"root","attachment":"leg L"},{"name":"Leg R","bone":"root","attachment":"Leg R"},{"name":"foot R","bone":"root","attachment":"foot R"},{"name":"foot L","bone":"root","attachment":"foot L"},{"name":"Arm R bot","bone":"root","attachment":"Arm R bot"},{"name":"Arm R top","bone":"root","attachment":"Arm R top"},{"name":"skirt back","bone":"root","attachment":"skirt back"},{"name":"skirt front","bone":"root","attachment":"skirt front"},{"name":"Ellipse 1 copy","bone":"root"},{"name":"body","bone":"root","attachment":"body"},{"name":"Arm L bot","bone":"root","attachment":"Arm L bot"},{"name":"Arm L top","bone":"root","attachment":"Arm L top"},{"name":"Shround R","bone":"root","attachment":"Shround R"},{"name":"shround L","bone":"root","attachment":"shround L"},{"name":"face","bone":"root","attachment":"face"},{"name":"mask front","bone":"root","attachment":"mask front"},{"name":"mask back","bone":"root","attachment":"mask back"},{"name":"Gun","bone":"root","attachment":"Gun"},{"name":"Hand R","bone":"root","attachment":"Hand R"},{"name":"Hand L","bone":"root","attachment":"Hand L"},{"name":"hat","bone":"root","attachment":"hat"}],"ik":[{"name":"Elbow L","order":11,"bones":["Arm L top"],"target":"Hip3"},{"name":"Foot L","order":5,"bones":["Leg L3","Leg L4"],"target":"Foot L"},{"name":"Foot L IK","order":8,"bones":["Leg L2"],"target":"Foot L"},{"name":"Foot R","bones":["Leg R3","Leg R4"],"target":"Foot R"},{"name":"Foot R IK","order":4,"bones":["Leg R2"],"target":"Foot R"},{"name":"Hand L","order":9,"bones":["Arm L top2","Arm L bot2"],"target":"Hand L","bendPositive":false},{"name":"Hand L IK","order":12,"bones":["Arm L bot"],"target":"Hand L"},{"name":"Hip4","order":15,"bones":["Arm R top"],"target":"Hip4"},{"name":"Knee L","order":7,"bones":["Leg L"],"target":"Hip2"},{"name":"Knee R","order":3,"bones":["Leg R"],"target":"Knee R"},{"name":"Leg R4","order":1,"bones":["Knee R"],"target":"Leg R4"},{"name":"bone10","order":13,"bones":["Arm R top2","Arm R bot2"],"target":"bone10","bendPositive":false},{"name":"hand R","order":16,"bones":["Arm R bot"],"target":"bone10"}],"transform":[{"name":"Arm L bot2 CRTL","order":10,"bones":["Hip3"],"target":"Arm L bot2","rotateMix":0,"scaleMix":0,"shearMix":0},{"name":"Arm R bot2","order":14,"bones":["Hip4"],"target":"Arm R bot2","rotateMix":0,"scaleMix":0,"shearMix":0},{"name":"Leg L4 CRtl","order":6,"bones":["Hip2"],"target":"Leg L4","rotateMix":0,"scaleMix":0,"shearMix":0},{"name":"Leg R4 Crtl","order":2,"bones":["Knee R"],"target":"Leg R4","rotateMix":0,"scaleMix":0,"shearMix":0}],"skins":[{"name":"default","attachments":{"Shadow":{"Shadow":{"type":"mesh","uvs":[0.54252,0.78509,0.55698,0.79491,0.54521,0.80359,0.51209,0.80896,0.47403,0.80963,0.43617,0.80631,0.41753,0.79885,0.41702,0.79228,0.42722,0.78709,0.45084,0.78201,0.49523,0.78],"triangles":[6,7,8,2,0,1,5,8,9,6,8,5,3,10,0,3,0,2,4,9,10,4,10,3,5,9,4],"vertices":[1,83,383.62,52.23,1,1,83,475.88,3.37,1,1,83,400.27,-38.81,1,1,83,188.11,-63.86,1,1,83,-55.46,-65.54,1,1,83,-297.69,-47.63,1,1,83,-416.71,-10.18,1,1,83,-419.76,22.16,1,1,83,-354.34,47.25,1,1,83,-203.01,71.25,1,1,83,81.17,79.24,1],"hull":11,"edges":[0,20,0,2,2,4,4,6,6,8,8,10,10,12,12,14,14,16,16,18,18,20],"width":6400,"height":4917}},"Hand R":{"Hand R":{"type":"mesh","uvs":[1,1,0,1,0,0,1,0],"triangles":[1,2,3,1,3,0],"vertices":[1,14,-276.8,-173.9,1,1,14,-176.44,296.52,1,1,14,183.46,219.74,1,1,14,83.1,-250.68,1],"hull":4,"edges":[0,2,2,4,4,6,0,6],"width":481,"height":368}},"shround L":{"shround L":{"type":"mesh","uvs":[0.03734,0.37863,0.02429,0.29774,0,0.14719,0.08681,0.10467,0.17137,0.06324,0.30046,0,0.37051,0,0.49503,0,0.58324,0,0.69998,0,0.77694,0.01935,0.88066,0.04542,0.9337,0.05875,1,0.07541,0.52357,1,0.42758,0.98553,0.37072,0.93678,0.30329,0.87897,0.24339,0.82762,0.18637,0.72018,0.12782,0.60985,0.08386,0.527,0.05142,0.46587],"triangles":[21,22,5,21,5,6,20,21,6,20,6,7,19,20,7,19,7,8,18,19,8,17,18,9,18,8,9,17,9,10,16,17,10,16,10,11,15,16,11,15,11,12,14,15,12,14,12,13,1,2,3,4,0,1,4,1,3,5,22,0,5,0,4],"vertices":[4,21,-43.93,-111.04,0.78053,57,-296.72,-111.04,0.00117,56,-212.46,-111.04,0.04099,55,-128.19,-111.04,0.17731,3,21,-67.18,-64.98,0.94031,56,-235.7,-64.98,0.00915,55,-151.44,-64.98,0.05054,1,21,-110.45,20.77,1,2,21,-60.3,63.64,0.97957,55,-144.57,63.64,0.02043,3,21,-11.45,105.41,0.79576,56,-179.98,105.41,0.00176,55,-95.71,105.41,0.20248,5,21,63.13,169.17,0.32806,58,-273.93,169.17,0.00687,57,-189.67,169.17,0.01027,56,-105.4,169.17,0.06746,55,-21.14,169.17,0.58734,5,21,109.76,183.12,0.17112,58,-227.29,183.12,0.02822,57,-143.03,183.12,0.0333,56,-58.76,183.12,0.14257,55,25.5,183.12,0.62479,5,21,192.68,207.93,0.02238,58,-144.38,207.93,0.15262,57,-60.12,207.93,0.11802,56,24.15,207.93,0.26503,55,108.41,207.93,0.44196,5,21,251.41,225.49,0.00132,58,-85.65,225.49,0.32766,57,-1.39,225.49,0.15844,56,82.88,225.49,0.24393,55,167.14,225.49,0.26865,4,58,-7.92,248.75,0.60306,57,76.35,248.75,0.12714,56,160.61,248.75,0.14944,55,244.88,248.75,0.12036,4,58,46.81,252.44,0.77065,57,131.07,252.44,0.07856,56,215.34,252.44,0.08951,55,299.6,252.44,0.06128,4,58,120.56,257.41,0.9319,57,204.83,257.41,0.02057,56,289.09,257.41,0.03292,55,373.36,257.41,0.01461,4,58,158.28,259.95,0.97185,57,242.54,259.95,0.00536,56,326.81,259.95,0.01882,55,411.07,259.96,0.00397,2,58,205.42,263.13,0.9866,56,373.95,263.13,0.0134,4,58,54.6,-388.05,0.22637,57,138.87,-388.05,0.31876,56,223.13,-388.05,0.29846,55,307.4,-388.05,0.15641,4,58,-11.91,-398.46,0.20654,57,72.35,-398.46,0.31188,56,156.61,-398.46,0.31041,55,240.88,-398.46,0.17117,5,21,278.51,-380.46,3.8E-4,58,-58.55,-380.46,0.1824,57,25.72,-380.46,0.29927,56,109.98,-380.46,0.3245,55,194.25,-380.46,0.19344,5,21,223.21,-359.11,0.00521,58,-113.85,-359.11,0.13949,57,-29.59,-359.11,0.26959,56,54.68,-359.11,0.34647,55,138.94,-359.11,0.23923,5,21,174.08,-340.14,0.01716,58,-162.98,-340.14,0.10292,57,-78.71,-340.14,0.23539,56,5.55,-340.14,0.35882,55,89.82,-340.14,0.28572,5,21,116.78,-286.85,0.06805,58,-220.28,-286.85,0.05294,57,-136.02,-286.85,0.16523,56,-51.75,-286.85,0.3473,55,32.51,-286.85,0.36648,5,21,57.93,-232.14,0.21211,58,-279.12,-232.14,0.01437,57,-194.86,-232.14,0.07689,56,-110.59,-232.14,0.2642,55,-26.33,-232.14,0.43243,5,21,13.75,-191.05,0.40726,58,-323.31,-191.05,0.00224,57,-239.04,-191.05,0.0285,56,-154.78,-191.05,0.16387,55,-70.52,-191.05,0.39814,5,21,-18.85,-160.73,0.56933,58,-355.91,-160.73,9.0E-5,57,-271.65,-160.73,0.01014,56,-187.38,-160.73,0.09993,55,-103.12,-160.73,0.3205],"hull":23,"edges":[26,28,28,30,4,2,4,6,2,6,2,0,0,44,6,8,8,10,0,8,10,44,42,44,10,12,42,12,12,14,40,42,14,40,36,38,38,40,14,16,16,18,38,16,18,36,34,36,18,20,34,20,20,22,30,32,32,34,22,32,22,24,24,26,30,24],"width":695,"height":628}},"Arm L bot":{"Arm L bot":{"type":"mesh","uvs":[1,1,0,1,0,0,1,0],"triangles":[1,2,3,1,3,0],"vertices":[1,9,151.27,372.26,1,1,9,505.22,16.27,1,1,9,134.33,-352.48,1,1,9,-219.61,3.51,1],"hull":4,"edges":[0,2,2,4,4,6,0,6],"width":502,"height":523}},"hat":{"hat":{"type":"mesh","uvs":[1,1,0,1,0,0,1,0],"triangles":[1,2,3,1,3,0],"vertices":[1,16,-697.71,-977.93,1,1,16,-137.69,1262.13,1,1,16,1096.33,953.62,1,1,16,536.31,-1286.44,1],"hull":4,"edges":[0,2,2,4,4,6,0,6],"width":2309,"height":1272}},"skirt back":{"skirt back":{"type":"mesh","uvs":[1,0.08116,1,0.13055,1,0.19862,1,0.26615,1,0.31153,1,0.36225,1,0.40763,1,0.44233,1,0.47303,1,0.52508,1,0.55978,1,0.60116,1,0.64253,1,0.69325,1,0.74931,1,0.79602,1,0.82539,1,0.85341,1,0.88411,1,0.94684,1,1,0,1,0,0.95619,0,0.9068,0,0.87877,0,0.85475,0,0.82939,0,0.79335,0,0.75064,0,0.7106,0,0.65855,0,0.61984,0,0.57046,0,0.51974,0,0.47837,0,0.44367,0,0.40229,0,0.35825,0,0.30352,0,0.24266,0,0.18393,0,0.10118,0,0,1,0],"triangles":[40,1,2,39,40,2,39,2,3,38,39,3,38,3,4,37,38,4,37,4,5,36,37,5,36,5,6,35,36,6,7,35,6,34,35,7,33,34,8,8,34,7,33,8,9,32,33,9,10,32,9,31,32,10,11,31,10,30,31,11,12,30,11,29,30,12,13,29,12,28,29,13,14,28,13,27,28,14,27,14,15,26,27,15,16,26,15,25,26,16,17,25,16,24,25,17,24,17,18,23,24,18,23,18,19,22,23,19,20,21,22,20,22,19,42,43,0,41,42,0,41,0,1,40,41,1],"vertices":[7,73,56.77,246.48,0.44872,79,-346.26,246.48,2.3E-4,78,-279.09,246.48,0.00446,77,-211.92,246.48,0.00678,76,-144.75,246.48,0.06687,75,-77.58,246.48,0.17509,74,-10.41,246.48,0.29785,7,73,93,242.57,0.36763,79,-310.03,242.57,0.00152,78,-242.86,242.57,0.01248,77,-175.69,242.57,0.01826,76,-108.51,242.57,0.09914,75,-41.34,242.57,0.2048,74,25.83,242.57,0.29616,8,73,142.94,237.17,0.23959,80,-327.26,237.17,0,79,-260.08,237.17,0.00748,78,-192.91,237.17,0.03411,77,-125.74,237.17,0.04783,76,-58.57,237.17,0.16334,75,8.6,237.17,0.24172,74,75.77,237.17,0.26592,8,73,192.5,231.82,0.13045,80,-277.7,231.82,8.9E-4,79,-210.53,231.82,0.02262,78,-143.36,231.82,0.07316,77,-76.19,231.82,0.09551,76,-9.02,231.82,0.23116,75,58.15,231.82,0.24409,74,125.33,231.82,0.20212,9,73,225.79,228.22,0.07777,81,-311.58,228.22,1.2E-4,80,-244.41,228.22,0.00374,79,-177.24,228.22,0.04136,78,-110.06,228.22,0.11186,77,-42.89,228.22,0.13454,76,24.28,228.22,0.26072,75,91.45,228.22,0.21835,74,158.62,228.22,0.15152,9,73,263.01,224.2,0.03851,81,-274.36,224.2,0.00134,80,-207.19,224.2,0.01141,79,-140.02,224.2,0.07351,78,-72.85,224.2,0.16577,77,-5.68,224.2,0.17465,76,61.49,224.2,0.26435,75,128.66,224.2,0.17107,74,195.84,224.2,0.09939,9,73,296.3,220.61,0.01768,81,-241.07,220.61,0.00472,80,-173.9,220.61,0.02487,79,-106.73,220.61,0.11438,78,-39.55,220.61,0.21804,77,27.62,220.61,0.1949,76,94.79,220.61,0.23881,75,161.96,220.61,0.12407,74,229.13,220.61,0.06252,9,73,321.77,217.86,0.00845,81,-215.61,217.85,0.0097,80,-148.43,217.85,0.04093,79,-81.26,217.85,0.15282,78,-14.09,217.85,0.25428,77,53.08,217.85,0.19554,76,120.25,217.85,0.20615,75,187.42,217.86,0.0909,74,254.59,217.86,0.04123,9,73,344.29,215.42,0.00375,81,-193.08,215.42,0.01675,80,-125.91,215.42,0.06072,79,-58.74,215.42,0.19085,78,8.43,215.42,0.27797,77,75.6,215.42,0.18398,76,142.77,215.42,0.17271,75,209.95,215.42,0.06606,74,277.12,215.42,0.02721,10,73,382.48,211.3,4.5E-4,82,-222.06,211.3,1.0E-4,81,-154.89,211.3,0.03644,80,-87.72,211.3,0.10798,79,-20.55,211.3,0.25618,78,46.62,211.3,0.29047,77,113.8,211.3,0.14516,76,180.97,211.3,0.11669,75,248.14,211.3,0.03475,74,315.31,211.3,0.01178,10,73,407.94,208.55,2.0E-5,82,-196.6,208.55,0.00169,81,-129.43,208.55,0.05696,80,-62.26,208.55,0.14935,79,4.92,208.55,0.29136,78,72.09,208.55,0.27582,77,139.26,208.55,0.11322,76,206.43,208.55,0.08473,75,273.6,208.55,0.02092,74,340.77,208.55,0.00593,9,82,-166.24,205.27,0.00902,81,-99.07,205.27,0.09081,80,-31.9,205.27,0.20532,79,35.27,205.27,0.31366,78,102.45,205.27,0.23792,77,169.62,205.27,0.07668,76,236.79,205.27,0.05436,75,303.96,205.27,0.01017,74,371.13,205.27,0.00207,9,82,-135.88,201.99,0.02796,81,-68.71,201.99,0.13556,80,-1.54,201.99,0.25943,79,65.63,201.99,0.30613,78,132.8,201.99,0.1869,77,199.97,201.99,0.04693,76,267.15,201.99,0.03249,75,334.32,201.99,0.00415,74,401.49,201.99,4.4E-4,8,82,-98.67,197.97,0.07795,81,-31.5,197.97,0.19993,80,35.67,197.97,0.30245,79,102.85,197.97,0.25883,78,170.02,197.97,0.12309,77,237.19,197.97,0.02176,76,304.36,197.97,0.01514,75,371.53,197.97,8.4E-4,8,82,-57.54,193.52,0.18757,81,9.63,193.52,0.26035,80,76.8,193.52,0.29309,79,143.98,193.52,0.17991,78,211.15,193.52,0.06695,77,278.32,193.52,0.007,76,345.49,193.52,0.00511,75,412.66,193.52,2.0E-5,7,82,-23.26,189.82,0.33057,81,43.91,189.82,0.27684,80,111.08,189.82,0.2403,79,178.25,189.82,0.11435,78,245.42,189.82,0.03482,77,312.59,189.82,0.00174,76,379.77,189.82,0.00139,7,82,-1.72,187.49,0.44213,81,65.45,187.49,0.26264,80,132.62,187.49,0.19396,79,199.8,187.49,0.07936,78,266.97,187.49,0.02105,77,334.14,187.49,4.5E-4,76,401.31,187.49,4.1E-4,7,82,18.85,185.27,0.55734,81,86.02,185.27,0.23101,80,153.19,185.27,0.14734,79,220.36,185.27,0.05231,78,287.53,185.27,0.0119,77,354.7,185.27,5.0E-5,76,421.88,185.27,6.0E-5,5,82,41.37,182.84,0.68306,81,108.54,182.84,0.18268,80,175.71,182.84,0.09903,79,242.89,182.84,0.02975,78,310.06,182.84,0.00548,6,82,87.4,177.87,0.87297,81,154.57,177.87,0.09054,80,221.74,177.87,0.03116,79,288.91,177.87,0.00494,78,356.08,177.87,3.8E-4,77,423.26,177.87,0,4,82,126.4,173.65,0.92475,81,193.57,173.65,0.06157,80,260.74,173.65,0.01368,77,462.26,173.65,0,6,82,86.66,-194.21,0.71543,81,153.84,-194.21,0.23878,80,221.01,-194.21,0.03994,79,288.18,-194.21,0.00585,78,355.35,-194.21,0,77,422.52,-194.21,0,5,82,54.52,-190.73,0.6845,81,121.69,-190.73,0.25317,80,188.86,-190.73,0.05124,79,256.03,-190.73,0.01108,77,390.37,-190.73,0,5,82,18.28,-186.82,0.5822,81,85.45,-186.82,0.29438,80,152.63,-186.82,0.09191,79,219.8,-186.82,0.03115,78,286.97,-186.82,3.5E-4,6,82,-2.28,-184.6,0.50214,81,64.89,-184.6,0.31807,80,132.06,-184.6,0.12748,79,199.23,-184.6,0.05067,78,266.4,-184.6,0.00163,77,333.57,-184.6,2.0E-5,6,82,-19.91,-182.69,0.42733,81,47.26,-182.69,0.33192,80,114.43,-182.69,0.16369,79,181.6,-182.69,0.07283,78,248.78,-182.69,0.00398,77,315.95,-182.69,2.4E-4,6,82,-38.52,-180.68,0.34774,81,28.65,-180.68,0.33569,80,95.83,-180.68,0.20505,79,163,-180.68,0.1021,78,230.17,-180.68,0.00838,77,297.34,-180.68,0.00104,6,82,-64.96,-177.83,0.24353,81,2.21,-177.83,0.31543,80,69.38,-177.83,0.26151,79,136.56,-177.83,0.15543,78,203.73,-177.83,0.01995,77,270.9,-177.83,0.00416,7,82,-96.3,-174.44,0.14392,81,-29.12,-174.44,0.25849,80,38.05,-174.44,0.30757,79,105.22,-174.44,0.23234,78,172.39,-174.44,0.04476,77,239.56,-174.44,0.01288,76,306.73,-174.44,3.0E-5,7,82,-125.68,-171.27,0.07848,81,-58.5,-171.27,0.18914,80,8.67,-171.27,0.3121,79,75.84,-171.27,0.30676,78,143.01,-171.27,0.08308,77,210.18,-171.27,0.02942,76,277.35,-171.27,0.00102,8,82,-163.87,-167.14,0.02883,81,-96.7,-167.14,0.10653,80,-29.53,-167.14,0.25946,79,37.65,-167.14,0.37092,78,104.82,-167.14,0.15596,77,171.99,-167.14,0.0704,76,239.16,-167.14,0.00783,75,306.33,-167.14,8.0E-5,8,82,-192.27,-164.07,0.01072,81,-125.1,-164.07,0.06079,80,-57.92,-164.07,0.19566,79,9.25,-164.07,0.37384,78,76.42,-164.07,0.2184,77,143.59,-164.07,0.11883,76,210.76,-164.07,0.02058,75,277.93,-164.07,0.00119,8,82,-228.5,-160.16,0.00163,81,-161.33,-160.16,0.02479,80,-94.16,-160.16,0.11665,79,-26.99,-160.16,0.31362,78,40.18,-160.16,0.27547,77,107.35,-160.16,0.20474,76,174.53,-160.16,0.05523,75,241.7,-160.16,0.00787,9,82,-265.72,-156.14,1.0E-5,81,-198.54,-156.14,0.00725,80,-131.37,-156.14,0.05785,79,-64.2,-156.14,0.21426,78,2.97,-156.14,0.27091,77,70.14,-156.14,0.29955,76,137.31,-156.14,0.12203,75,204.48,-156.14,0.0275,74,271.66,-156.14,6.3E-4,8,81,-228.9,-152.86,0.00178,80,-161.73,-152.86,0.02847,79,-94.56,-152.86,0.13709,78,-27.39,-152.86,0.2189,77,39.78,-152.86,0.34714,76,106.95,-152.86,0.20189,75,174.13,-152.86,0.06011,74,241.3,-152.86,0.00463,8,81,-254.36,-150.11,2.0E-4,80,-187.19,-150.11,0.01339,79,-120.02,-150.11,0.08583,78,-52.85,-150.11,0.1611,77,14.32,-150.11,0.34518,76,81.49,-150.11,0.27683,75,148.66,-150.11,0.10376,74,215.84,-150.11,0.0137,7,80,-217.55,-146.83,0.0043,79,-150.38,-146.83,0.04448,78,-83.21,-146.83,0.09532,77,-16.04,-146.83,0.2869,76,51.13,-146.83,0.35167,75,118.31,-146.83,0.18014,74,185.48,-146.83,0.03719,8,73,220.33,-143.34,0.00111,80,-249.87,-143.34,6.7E-4,79,-182.7,-143.34,0.01896,78,-115.53,-143.34,0.04544,77,-48.35,-143.34,0.19273,76,18.82,-143.34,0.37237,75,85.99,-143.34,0.28235,74,153.16,-143.34,0.08638,7,73,180.18,-139,0.01738,79,-222.85,-139,0.00458,78,-155.68,-139,0.013,77,-88.51,-139,0.08881,76,-21.33,-139,0.29268,75,45.84,-139,0.38874,74,113.01,-139,0.19481,7,73,135.52,-134.18,0.09486,79,-267.5,-134.18,2.4E-4,78,-200.33,-134.18,0.00131,77,-133.16,-134.18,0.02532,76,-65.99,-134.18,0.15058,75,1.18,-134.18,0.37192,74,68.35,-134.18,0.35577,5,73,92.43,-129.52,0.27916,77,-176.25,-129.52,0.00369,76,-109.08,-129.52,0.05355,75,-41.91,-129.52,0.22962,74,25.26,-129.52,0.43398,4,73,31.72,-122.97,0.68518,76,-169.8,-122.97,0.00511,75,-102.62,-122.97,0.05563,74,-35.45,-122.97,0.25409,3,73,-42.52,-114.95,0.93229,75,-176.87,-114.95,2.0E-4,74,-109.7,-114.95,0.06752,6,73,-2.79,252.91,0.50824,78,-338.64,252.91,1.3E-4,77,-271.47,252.91,4.6E-4,76,-204.3,252.91,0.04631,75,-137.13,252.91,0.1523,74,-69.96,252.91,0.29255],"hull":44,"edges":[40,42,84,86,42,44,40,38,44,38,38,36,44,46,36,46,46,48,36,34,48,34,30,52,48,50,50,52,30,32,32,34,50,32,52,54,30,28,54,28,28,26,54,56,26,56,56,58,26,24,58,24,24,22,58,60,22,60,60,62,22,20,62,20,20,18,62,64,18,64,64,66,18,16,66,16,16,14,66,68,14,68,68,70,14,12,70,12,12,10,70,72,10,72,72,74,10,8,74,8,8,6,74,76,6,76,76,78,6,4,78,4,4,2,78,80,2,80,80,82,82,84,2,0,0,86,82,0],"width":370,"height":738}},"Arm R bot":{"Arm R bot":{"type":"mesh","uvs":[1,1,0,1,0,0,1,0],"triangles":[1,2,3,1,3,0],"vertices":[1,11,-179.9,-86.31,1,1,11,-3.58,322.27,1,1,11,492.22,108.3,1,1,11,315.9,-300.28,1],"hull":4,"edges":[0,2,2,4,4,6,0,6],"width":445,"height":540}},"foot L":{"foot L":{"type":"mesh","uvs":[1,1,0,1,0,0,1,0],"triangles":[1,2,3,1,3,0],"vertices":[1,19,307.93,295.53,1,1,19,438.21,-140.42,1,1,19,-7.32,-273.57,1,1,19,-137.6,162.38,1],"hull":4,"edges":[0,2,2,4,4,6,0,6],"width":455,"height":465}},"mask back":{"mask back":{"type":"mesh","uvs":[1,0.06823,1,0.13607,1,0.21625,1,0.30054,1,0.38277,1,0.45061,1,0.53285,1,0.58219,1,0.65003,1,0.70965,1,0.75488,1,0.83094,1,0.89262,1,0.95224,1,1,0,1,0,0.95018,0,0.90084,0,0.84739,0,0.77544,0,0.70348,0,0.64592,0,0.59658,0,0.52874,0,0.45678,0,0.37866,0,0.30054,0,0.22242,0,0.1299,0,0.05795,0,0,1,0],"triangles":[20,8,9,20,9,10,19,20,10,19,10,11,18,19,11,18,11,12,17,18,12,13,16,17,13,17,12,15,16,13,15,13,14,8,21,22,8,22,7,20,21,8,6,23,24,23,6,7,22,23,7,25,3,4,25,4,5,6,24,5,24,25,5,29,30,31,29,31,0,28,29,0,28,0,1,27,28,1,2,27,1,3,26,27,3,27,2,25,26,3],"vertices":[7,18,0.7,326.08,0.68761,34,-65.29,326.08,0.1347,35,-131.27,326.08,0.05984,36,-197.26,326.08,0.01706,37,-263.24,326.08,0.06339,38,-329.23,326.08,0.03661,39,-395.22,326.08,7.9E-4,9,18,65.6,316.47,0.56116,34,-0.39,316.47,0.15424,35,-66.37,316.47,0.08788,36,-132.36,316.47,0.03692,37,-198.35,316.47,0.09977,38,-264.33,316.47,0.05478,39,-330.32,316.47,0.00472,40,-396.31,316.47,1.6E-4,41,-462.29,316.47,3.6E-4,9,18,142.29,305.12,0.36173,34,76.31,305.12,0.15756,35,10.32,305.12,0.1205,36,-55.66,305.12,0.07039,37,-121.65,305.12,0.1736,38,-187.64,305.12,0.09168,39,-253.62,305.12,0.01813,40,-319.61,305.12,0.00284,41,-385.59,305.12,0.00358,9,18,222.92,293.19,0.17754,34,156.94,293.19,0.12026,35,90.95,293.19,0.11823,36,24.97,293.19,0.091,37,-41.02,293.19,0.2713,38,-107.01,293.19,0.14273,39,-172.99,293.19,0.05,40,-238.98,293.19,0.01397,41,-304.97,293.19,0.01497,10,18,301.59,281.55,0.06932,34,235.6,281.55,0.06878,35,169.61,281.55,0.07757,36,103.63,281.55,0.07116,37,37.64,281.55,0.33843,38,-28.34,281.55,0.18486,39,-94.33,281.55,0.10566,40,-160.32,281.55,0.04181,41,-226.3,281.55,0.0424,42,-292.29,281.55,0,10,18,366.48,271.94,0.02434,34,300.5,271.94,0.03598,35,234.51,271.94,0.04202,36,168.53,271.94,0.04018,37,102.54,271.94,0.33482,38,36.55,271.94,0.1898,39,-29.43,271.94,0.1622,40,-95.42,271.94,0.08191,41,-161.4,271.94,0.08443,42,-227.39,271.94,0.00431,10,18,445.15,260.3,0.00409,34,379.16,260.3,0.01317,35,313.17,260.3,0.01408,36,247.19,260.3,0.01117,37,181.2,260.3,0.25686,38,115.22,260.3,0.14253,39,49.23,260.3,0.20724,40,-16.76,260.3,0.14469,41,-82.74,260.3,0.16882,42,-148.73,260.3,0.03735,10,18,492.34,253.31,6.6E-4,34,426.36,253.31,0.00608,35,360.37,253.31,0.00567,36,294.39,253.31,0.0033,37,228.4,253.31,0.19617,38,162.41,253.31,0.09976,39,96.43,253.32,0.19727,40,30.44,253.32,0.16959,41,-35.54,253.32,0.23039,42,-101.53,253.32,0.0911,9,34,491.26,243.71,0.00146,35,425.27,243.71,9.0E-4,36,359.28,243.71,1.3E-4,37,293.3,243.71,0.1206,38,227.31,243.71,0.04826,39,161.33,243.71,0.14481,40,95.34,243.71,0.16172,41,29.35,243.71,0.2898,42,-36.63,243.71,0.23231,8,34,548.29,235.27,1.9E-4,35,482.3,235.27,3.0E-5,37,350.33,235.27,0.07005,38,284.34,235.27,0.01951,39,218.36,235.27,0.08906,40,152.37,235.27,0.11907,41,86.38,235.27,0.27982,42,20.4,235.27,0.42228,7,34,591.55,228.87,0,37,393.59,228.87,0.04245,38,327.61,228.87,0.0074,39,261.62,228.87,0.0536,40,195.64,228.87,0.07979,41,129.65,228.87,0.23191,42,63.66,228.87,0.58484,6,37,466.36,218.1,0.01548,38,400.37,218.1,5.5E-4,39,334.38,218.1,0.01781,40,268.4,218.1,0.03014,41,202.41,218.1,0.12128,42,136.43,218.1,0.81475,5,37,525.35,209.37,0.00469,39,393.38,209.37,0.00446,40,327.4,209.37,0.00859,41,261.41,209.37,0.04961,42,195.42,209.37,0.93265,5,37,582.38,200.93,7.2E-4,39,450.41,200.93,4.7E-4,40,384.43,200.93,0.00116,41,318.44,200.93,0.01451,42,252.45,200.93,0.98314,2,41,364.13,194.16,0.00645,42,298.14,194.16,0.99355,8,18,787.04,-515.11,1.0E-5,35,655.07,-515.11,0.05141,36,589.08,-515.11,0.0988,38,457.11,-515.11,0.00409,39,391.13,-515.11,0.14228,40,325.14,-515.11,0.06592,41,259.15,-515.11,0.19885,42,193.17,-515.11,0.43864,8,18,739.39,-508.06,6.0E-4,35,607.42,-508.06,0.05343,36,541.43,-508.06,0.10098,38,409.46,-508.06,0.0049,39,343.47,-508.06,0.14462,40,277.49,-508.06,0.06712,41,211.5,-508.06,0.1989,42,145.52,-508.06,0.42945,8,18,692.19,-501.07,0.00252,35,560.22,-501.07,0.05939,36,494.23,-501.07,0.10734,38,362.26,-501.07,0.00728,39,296.28,-501.07,0.15126,40,230.29,-501.07,0.0704,41,164.3,-501.07,0.19866,42,98.32,-501.07,0.40315,8,18,641.06,-493.51,0.00655,35,509.09,-493.51,0.0703,36,443.1,-493.51,0.11866,38,311.13,-493.51,0.01157,39,245.14,-493.5,0.1622,40,179.16,-493.5,0.07528,41,113.17,-493.5,0.19666,42,47.19,-493.5,0.35879,8,18,572.23,-483.32,0.0163,35,440.26,-483.32,0.09201,36,374.27,-483.32,0.13988,38,242.3,-483.32,0.01975,39,176.31,-483.32,0.17953,40,110.33,-483.32,0.08128,41,44.34,-483.32,0.18804,42,-21.64,-483.32,0.28321,8,18,503.4,-473.13,0.03343,35,371.43,-473.13,0.12258,36,305.44,-473.13,0.16668,38,173.47,-473.13,0.02978,39,107.48,-473.13,0.19413,40,41.5,-473.13,0.08237,41,-24.49,-473.13,0.169,42,-90.47,-473.13,0.20201,8,18,448.34,-464.98,0.05392,35,316.36,-464.98,0.15241,36,250.38,-464.98,0.18912,38,118.41,-464.98,0.03754,39,52.42,-464.98,0.19915,40,-13.57,-464.98,0.07805,41,-79.55,-464.98,0.14707,42,-145.54,-464.98,0.14274,8,18,401.14,-458,0.07762,35,269.17,-458,0.18109,36,203.18,-458,0.20679,38,71.21,-458,0.0426,39,5.22,-458,0.19629,40,-60.76,-458,0.07047,41,-126.75,-458,0.12519,42,-192.74,-458,0.09995,8,18,336.24,-448.39,0.1216,35,204.27,-448.39,0.22262,36,138.28,-448.39,0.22417,38,6.31,-448.39,0.04532,39,-59.68,-448.39,0.18062,40,-125.66,-448.39,0.05601,41,-191.65,-448.39,0.09412,42,-257.63,-448.39,0.05555,9,18,267.41,-438.21,0.18553,34,201.42,-438.21,1.1E-4,35,135.44,-438.21,0.26363,36,69.45,-438.2,0.22782,38,-62.52,-438.2,0.04174,39,-128.51,-438.2,0.15208,40,-194.49,-438.2,0.0392,41,-260.48,-438.2,0.06435,42,-326.46,-438.2,0.02553,9,18,192.68,-427.15,0.27764,34,126.69,-427.15,0.00131,35,60.71,-427.15,0.29411,36,-5.28,-427.14,0.20984,38,-137.25,-427.14,0.03194,39,-203.24,-427.14,0.11456,40,-269.22,-427.14,0.02324,41,-335.21,-427.14,0.03892,42,-401.19,-427.14,0.00844,9,18,117.95,-416.08,0.39129,34,51.96,-416.08,0.00323,35,-14.02,-416.08,0.29963,36,-80.01,-416.08,0.17223,38,-211.98,-416.08,0.02024,39,-277.97,-416.08,0.0787,40,-343.95,-416.08,0.01184,41,-409.94,-416.08,0.02124,42,-475.92,-416.08,0.0016,9,18,43.22,-405.02,0.51529,34,-22.77,-405.02,0.00382,35,-88.75,-405.02,0.27911,36,-154.74,-405.02,0.1264,38,-286.71,-405.02,0.01045,39,-352.7,-405.02,0.04974,40,-418.68,-405.02,0.00501,41,-484.67,-405.02,0.01014,42,-550.65,-405.02,4.0E-5,8,18,-45.28,-391.93,0.64646,34,-111.26,-391.93,0.0018,35,-177.25,-391.93,0.23879,36,-243.23,-391.93,0.07914,38,-375.21,-391.93,0.00318,39,-441.19,-391.93,0.0265,40,-507.18,-391.93,0.00115,41,-573.16,-391.93,0.00298,8,18,-114.11,-381.74,0.70978,34,-180.09,-381.74,2.5E-4,35,-246.08,-381.74,0.21425,36,-312.06,-381.74,0.05732,38,-444.04,-381.74,6.1E-4,39,-510.02,-381.74,0.01707,40,-576.01,-381.74,1.6E-4,41,-641.99,-381.74,5.7E-4,6,18,-169.54,-373.54,0.72673,35,-301.51,-373.54,0.207,36,-367.5,-373.54,0.05153,38,-499.47,-373.54,3.0E-5,39,-565.45,-373.54,0.01469,41,-697.43,-373.54,2.0E-5,6,18,-64.56,335.74,0.73649,34,-130.55,335.74,0.12414,35,-196.54,335.74,0.04827,36,-262.52,335.74,0.00992,37,-328.51,335.74,0.05087,38,-394.49,335.74,0.03032],"hull":32,"edges":[28,30,60,62,30,32,28,26,32,26,26,24,32,34,24,34,34,36,24,22,36,22,22,20,36,38,20,38,38,40,20,18,40,18,18,16,40,42,16,42,42,44,16,14,44,14,14,12,44,46,12,46,46,48,12,10,48,10,10,8,48,50,8,50,50,52,8,6,52,6,6,4,52,54,4,54,54,56,4,2,56,2,2,0,0,62,56,58,58,60,0,58],"width":717,"height":967}},"skirt front":{"skirt front":{"type":"mesh","uvs":[1,0.08555,1,0.1516,1,0.21368,1,0.28633,1,0.34709,1,0.39332,1,0.43692,1,0.48051,1,0.51881,1,0.58486,1,0.63637,1,0.6945,1,0.74469,1,0.79092,1,0.84904,1,0.8966,1,0.93094,1,0.96661,1,1,0,1,0,0.96264,0,0.92962,0,0.88735,0,0.84376,0,0.79224,0,0.74997,0,0.6945,0,0.63241,0,0.58486,0,0.52674,0,0.48315,0,0.44484,0,0.39729,0,0.34577,0,0.28237,0,0.21104,0,0.14235,0,0.07498,0,0,1,0],"triangles":[33,34,3,33,3,4,33,4,5,32,33,5,32,5,6,31,32,6,31,6,7,30,31,7,30,7,8,29,30,8,9,28,29,9,29,8,27,9,10,26,10,11,26,11,12,27,28,9,26,27,10,25,26,12,25,12,13,24,25,13,23,24,13,23,13,14,22,23,14,22,14,15,21,22,15,21,15,16,20,21,16,20,16,17,19,20,17,19,17,18,37,38,39,37,39,0,36,37,0,36,0,1,35,36,1,35,1,2,34,35,2,34,2,3],"vertices":[6,63,-2.92,281.55,0.6197,68,-345.09,281.55,0.00486,67,-276.65,281.55,0.00481,66,-208.22,281.55,0.04853,65,-139.79,281.55,0.13296,64,-71.36,281.55,0.18914,6,63,48.52,282.54,0.52057,68,-293.65,282.54,0.01436,67,-225.21,282.54,0.01508,66,-156.78,282.54,0.07685,65,-88.35,282.54,0.17447,64,-19.91,282.54,0.19868,7,63,96.87,283.48,0.40564,69,-313.72,283.48,5.0E-5,68,-245.29,283.48,0.03039,67,-176.86,283.48,0.03228,66,-108.43,283.48,0.11574,65,-39.99,283.48,0.22061,64,28.44,283.48,0.19529,7,63,153.46,284.58,0.27498,69,-257.14,284.58,0.00156,68,-188.71,284.58,0.06141,67,-120.27,284.58,0.06362,66,-51.84,284.58,0.16862,65,16.59,284.58,0.2616,64,85.02,284.58,0.16822,7,63,200.78,285.5,0.18537,69,-209.82,285.5,0.00645,68,-141.38,285.5,0.10045,67,-72.95,285.5,0.09808,66,-4.52,285.5,0.20699,65,63.92,285.5,0.27027,64,132.35,285.5,0.13239,7,63,236.79,286.2,0.13186,69,-173.81,286.2,0.01413,68,-105.37,286.2,0.13846,67,-36.94,286.2,0.12625,66,31.49,286.2,0.22572,65,99.92,286.2,0.26005,64,168.36,286.2,0.10352,7,63,270.74,286.86,0.09269,69,-139.86,286.86,0.0258,68,-71.42,286.86,0.17999,67,-2.99,286.86,0.15086,66,65.44,286.86,0.23209,65,133.87,286.86,0.24008,64,202.31,286.86,0.07849,7,63,304.69,287.52,0.06299,69,-105.91,287.52,0.04274,68,-37.47,287.52,0.22451,67,30.96,287.52,0.17017,66,99.39,287.52,0.22773,65,167.83,287.52,0.21458,64,236.26,287.52,0.05728,8,63,334.53,288.1,0.0439,70,-144.5,288.1,7.1E-4,69,-76.07,288.1,0.06243,68,-7.64,288.1,0.26261,67,60.8,288.1,0.18024,66,129.23,288.1,0.21657,65,197.66,288.1,0.19102,64,266.09,288.1,0.04251,8,63,385.97,289.09,0.02134,70,-93.06,289.09,0.00639,69,-24.63,289.09,0.10525,68,43.8,289.09,0.31935,67,112.24,289.09,0.18293,66,180.67,289.09,0.18832,65,249.1,289.09,0.1526,64,317.53,289.09,0.02383,9,63,426.09,289.87,0.01065,71,-121.37,289.87,5.9E-4,70,-52.94,289.87,0.01705,69,15.49,289.87,0.14243,68,83.93,289.87,0.34935,67,152.36,289.87,0.17454,66,220.79,289.87,0.16394,65,289.22,289.87,0.12719,64,357.66,289.87,0.01426,9,63,471.36,290.75,0.00355,71,-76.1,290.75,0.00391,70,-7.67,290.75,0.03644,69,60.76,290.75,0.18144,68,129.19,290.75,0.36564,67,197.63,290.75,0.15904,66,266.06,290.75,0.13852,65,334.49,290.75,0.10416,64,402.92,290.75,0.0073,9,63,510.45,291.51,5.2E-4,71,-37.01,291.51,0.01133,70,31.42,291.51,0.05864,69,99.86,291.51,0.20756,68,168.29,291.51,0.36586,67,236.72,291.51,0.14385,66,305.15,291.51,0.11982,65,373.59,291.51,0.0887,64,442.02,291.51,0.00372,3,72,-69.43,292.21,0.75491,71,-1,292.21,0.22905,70,67.43,292.21,0.01605,3,72,-24.17,293.09,0.80679,71,44.27,293.09,0.18722,70,112.7,293.09,0.00599,3,72,12.87,293.81,0.84557,71,81.3,293.81,0.15368,70,149.74,293.81,7.5E-4,2,72,39.62,294.33,0.86466,71,108.05,294.33,0.13534,2,72,67.4,294.86,0.87701,71,135.83,294.86,0.12299,3,72,93.41,295.37,0.88096,71,161.84,295.37,0.11904,70,230.27,295.37,0,4,72,103.22,-210.54,0.65594,71,171.66,-210.54,0.27016,70,240.09,-210.54,0.04243,69,308.52,-210.54,0.03146,6,72,74.13,-211.1,0.63913,71,142.56,-211.1,0.27614,70,210.99,-211.1,0.04825,69,279.43,-211.1,0.03614,68,347.86,-211.1,2.7E-4,66,484.73,-211.1,7.0E-5,6,72,48.41,-211.6,0.59813,71,116.84,-211.6,0.28929,70,185.27,-211.6,0.06269,69,253.71,-211.6,0.04813,68,322.14,-211.6,0.00134,66,459,-211.6,4.2E-4,7,72,15.49,-212.24,0.51762,71,83.92,-212.24,0.30862,70,152.35,-212.24,0.09231,69,220.78,-212.24,0.07459,68,289.22,-212.24,0.00493,67,357.65,-212.24,2.3E-4,66,426.08,-212.24,0.00172,7,72,-18.46,-212.9,0.41662,71,49.97,-212.9,0.31774,70,118.4,-212.9,0.13081,69,186.83,-212.9,0.11528,68,255.27,-212.9,0.01315,67,323.7,-212.9,0.00157,66,392.13,-212.9,0.00482,7,72,-58.59,-213.68,0.29521,71,9.84,-213.68,0.30007,70,78.28,-213.68,0.17425,69,146.71,-213.68,0.17951,68,215.14,-213.68,0.03222,67,283.58,-213.68,0.00632,66,352.01,-213.68,0.01242,8,72,-91.51,-214.31,0.20794,71,-23.08,-214.32,0.26221,70,45.36,-214.32,0.19522,69,113.79,-214.32,0.23869,68,182.22,-214.32,0.05788,67,250.65,-214.32,0.01452,66,319.09,-214.32,0.02349,65,387.52,-214.32,4.0E-5,8,72,-134.72,-215.15,0.11982,71,-66.29,-215.15,0.19548,70,2.15,-215.15,0.18978,69,70.58,-215.15,0.30532,68,139.01,-215.15,0.10595,67,207.44,-215.15,0.03422,66,275.88,-215.15,0.04806,65,344.31,-215.15,0.00137,9,72,-183.07,-216.09,0.05623,71,-114.64,-216.09,0.12123,70,-46.21,-216.09,0.14594,69,22.23,-216.09,0.33541,68,90.66,-216.09,0.16884,67,159.09,-216.09,0.07045,66,227.52,-216.09,0.09387,65,295.96,-216.09,0.00799,64,364.39,-216.09,4.0E-5,10,63,395.78,-216.81,3.0E-5,72,-220.11,-216.81,0.02748,71,-151.68,-216.81,0.07655,70,-83.24,-216.81,0.10371,69,-14.81,-216.81,0.31413,68,53.62,-216.81,0.20486,67,122.05,-216.81,0.10579,66,190.49,-216.81,0.14568,65,258.92,-216.81,0.02095,64,327.35,-216.81,8.2E-4,10,63,350.52,-217.69,0.00191,72,-265.38,-217.69,0.00893,71,-196.95,-217.69,0.03902,70,-128.51,-217.69,0.05875,69,-60.08,-217.69,0.25,68,8.35,-217.69,0.21379,67,76.79,-217.69,0.1442,66,145.22,-217.69,0.22579,65,213.65,-217.69,0.05255,64,282.08,-217.69,0.00506,10,63,316.57,-218.35,0.00807,72,-299.33,-218.35,0.00283,71,-230.9,-218.35,0.02147,70,-162.46,-218.35,0.03457,69,-94.03,-218.35,0.19268,68,-25.6,-218.35,0.19216,67,42.84,-218.35,0.15566,66,111.27,-218.35,0.2877,65,179.7,-218.35,0.09197,64,248.13,-218.35,0.0129,10,63,286.73,-218.93,0.01996,72,-329.16,-218.93,6.4E-4,71,-260.73,-218.93,0.01149,70,-192.3,-218.93,0.01975,69,-123.87,-218.93,0.14502,68,-55.43,-218.93,0.16049,67,13,-218.93,0.14935,66,81.43,-218.93,0.331,65,149.87,-218.93,0.1377,64,218.3,-218.93,0.0246,10,63,249.69,-219.65,0.04859,72,-366.2,-219.65,0,71,-297.77,-219.65,0.00428,70,-229.34,-219.65,0.00828,69,-160.9,-219.65,0.0955,68,-92.47,-219.65,0.11608,67,-24.04,-219.65,0.12306,66,44.4,-219.65,0.35362,65,112.83,-219.65,0.20376,64,181.26,-219.65,0.04684,9,63,209.57,-220.42,0.10474,71,-337.89,-220.42,9.7E-4,70,-269.46,-220.42,0.0024,69,-201.03,-220.42,0.05649,68,-132.59,-220.42,0.07262,67,-64.16,-220.42,0.08292,66,4.27,-220.42,0.32853,65,72.71,-220.42,0.2716,64,141.14,-220.42,0.07973,9,63,160.19,-221.38,0.22055,71,-387.27,-221.38,1.0E-5,70,-318.84,-221.38,1.6E-4,69,-250.41,-221.38,0.02594,68,-181.98,-221.38,0.03445,67,-113.54,-221.38,0.03976,66,-45.11,-221.38,0.24608,65,23.32,-221.38,0.31307,64,91.76,-221.38,0.11998,7,63,104.63,-222.46,0.40986,69,-305.96,-222.46,0.00856,68,-237.53,-222.46,0.01142,67,-169.1,-222.46,0.01186,66,-100.67,-222.46,0.13863,65,-32.23,-222.46,0.28457,64,36.2,-222.46,0.1351,7,63,51.13,-223.5,0.60963,69,-359.46,-223.5,0.00192,68,-291.03,-223.5,0.00252,67,-222.6,-223.5,0.00193,66,-154.16,-223.5,0.06262,65,-85.73,-223.5,0.21552,64,-17.3,-223.5,0.10587,7,63,-1.33,-224.52,0.75915,69,-411.93,-224.52,1.4E-4,68,-343.5,-224.52,1.7E-4,67,-275.07,-224.52,3.0E-5,66,-206.63,-224.52,0.02187,65,-138.2,-224.52,0.15567,64,-69.77,-224.52,0.06299,4,63,-59.73,-225.65,0.82182,66,-265.03,-225.65,0.00769,65,-196.6,-225.65,0.12947,64,-128.17,-225.65,0.04103,6,63,-69.55,280.25,0.67392,68,-411.72,280.25,8.4E-4,67,-343.28,280.25,5.1E-4,66,-274.85,280.25,0.03481,65,-206.42,280.25,0.11031,64,-137.99,280.25,0.17961],"hull":40,"edges":[36,38,76,78,38,40,36,34,40,34,34,32,40,42,32,42,42,44,32,30,44,30,30,28,44,46,28,46,46,48,28,26,48,26,26,24,48,50,24,50,50,52,24,22,52,22,22,20,52,54,20,54,54,56,20,18,56,18,18,16,56,58,16,58,58,60,16,14,60,14,14,12,60,62,12,62,62,64,12,10,64,10,10,8,64,66,8,66,66,68,8,6,68,6,6,4,68,70,4,70,70,72,4,2,72,2,2,0,0,78,72,74,74,76,0,74],"width":506,"height":779}},"Arm L top":{"Arm L top":{"type":"mesh","uvs":[1,1,0,1,0,0,1,0],"triangles":[1,2,3,1,3,0],"vertices":[1,8,505.85,-49.7,1,1,8,30.62,-306.13,1,1,8,-168.83,63.49,1,1,8,306.4,319.93,1],"hull":4,"edges":[0,2,2,4,4,6,0,6],"width":540,"height":420}},"Leg R":{"Leg R":{"type":"mesh","uvs":[1,1,0,1,0,0,1,0],"triangles":[1,2,3,1,3,0],"vertices":[1,23,363.56,128.69,1,1,23,395.39,-76.86,1,1,23,123.62,-118.94,1,1,23,91.8,86.61,1],"hull":4,"edges":[0,2,2,4,4,6,0,6],"width":208,"height":275}},"body":{"body":{"type":"mesh","uvs":[1,1,0,1,0,0,1,0],"triangles":[1,2,3,1,3,0],"vertices":[4,4,-8.88,-437.67,0.55527,5,-150.44,-437.67,0.27249,6,-291.99,-437.67,0.11745,7,-433.54,-437.67,0.05478,4,4,-13.48,276.32,0.72896,5,-155.04,276.32,0.11243,6,-296.59,276.32,0.15844,7,-438.15,276.32,1.6E-4,3,4,623.5,280.42,0.01024,6,340.39,280.43,0.12865,7,198.84,280.43,0.8611,4,4,628.11,-433.56,0.03344,5,486.55,-433.56,0.13515,6,345,-433.56,0.25239,7,203.44,-433.56,0.57901],"hull":4,"edges":[0,2,2,4,4,6,0,6],"width":714,"height":637}},"Arm R top":{"Arm R top":{"type":"mesh","uvs":[1,1,0,1,0,0,1,0],"triangles":[1,2,3,1,3,0],"vertices":[1,10,186.7,326.46,1,1,10,576.08,-1.35,1,1,10,271.46,-363.2,1,1,10,-117.93,-35.39,1],"hull":4,"edges":[0,2,2,4,4,6,0,6],"width":509,"height":473}},"Ellipse 1 copy":{"Ellipse 1 copy":{"x":2830.5,"y":-2765,"width":267,"height":266}},"Shround R":{"Shround R":{"type":"mesh","uvs":[0.056,0.68671,0.03448,0.76183,0.01691,0.82317,0,0.88219,0.03993,0.90978,0.63647,0.97722,0.67597,0.967,0.69431,0.91607,0.70967,0.87339,0.7268,0.82579,0.74283,0.78125,0.77351,0.69601,0.79333,0.64094,0.81365,0.58449,0.83645,0.52114,0.86055,0.45415,0.87722,0.40785,0.89385,0.36163,0.91991,0.28925,0.94401,0.22227,0.97416,0.1385,1,0.06671,1,0,0.86884,0,0.73109,0.07598,0.64321,0.12445,0.52631,0.18893,0.44385,0.23441,0.36809,0.2762,0.33453,0.31524,0.28354,0.37455,0.24935,0.41431,0.19589,0.4765,0.13854,0.54321,0.0764,0.61549],"triangles":[27,26,17,16,27,17,28,27,16,15,28,16,14,29,15,29,28,15,30,29,14,13,30,14,31,30,13,12,31,13,32,31,12,11,32,12,33,32,11,10,33,11,34,33,10,9,34,10,0,34,9,8,0,9,1,0,8,1,7,2,2,6,3,5,4,3,8,7,1,7,6,2,6,5,3,23,22,21,20,23,21,24,23,20,19,24,20,25,24,19,18,25,19,26,25,18,17,26,18],"vertices":[3,62,84.39,-119,0.87123,61,176.85,-119,0.12574,60,269.31,-119,0.00303,2,62,123.61,-102.74,0.96437,61,216.07,-102.74,0.03563,2,62,155.63,-89.47,0.99365,61,248.09,-89.47,0.00635,2,62,186.44,-76.7,0.99988,61,278.9,-76.7,1.2E-4,1,62,187.08,-52.23,1,3,62,45.07,200.5,0.54527,61,137.53,200.5,0.30852,60,229.99,200.5,0.14621,4,62,29.21,212.43,0.52846,61,121.67,212.44,0.31646,60,214.13,212.44,0.15498,59,306.59,212.43,1.0E-4,4,62,1.54,202.86,0.48712,61,94,202.86,0.33228,60,186.46,202.86,0.17901,59,278.93,202.86,0.00158,4,62,-21.64,194.84,0.42469,61,70.82,194.84,0.35073,60,163.28,194.84,0.21874,59,255.74,194.84,0.00584,4,62,-47.5,185.89,0.33714,61,44.96,185.89,0.36355,60,137.42,185.89,0.2826,59,229.88,185.89,0.0167,4,62,-71.69,177.51,0.25129,61,20.77,177.51,0.3563,60,113.23,177.51,0.35618,59,205.69,177.51,0.03622,4,62,-117.99,161.49,0.1127,61,-25.53,161.49,0.27375,60,66.93,161.49,0.49768,59,159.39,161.49,0.11587,5,22,221.94,151.14,0.00167,62,-147.9,151.14,0.05516,61,-55.44,151.14,0.18842,60,37.02,151.14,0.54161,59,129.48,151.14,0.21314,5,22,191.28,140.53,0.01514,62,-178.57,140.53,0.02121,61,-86.11,140.53,0.1049,60,6.35,140.53,0.50363,59,98.81,140.53,0.35513,5,22,156.86,128.62,0.06905,62,-212.98,128.61,0.00452,61,-120.52,128.62,0.04065,60,-28.06,128.62,0.36034,59,64.4,128.61,0.52545,5,22,120.48,116.02,0.21496,62,-249.36,116.02,1.1E-4,61,-156.9,116.02,0.00838,60,-64.44,116.02,0.17544,59,28.02,116.02,0.60112,4,22,95.32,107.32,0.39296,61,-182.06,107.32,0.00146,60,-89.6,107.32,0.08244,59,2.86,107.32,0.52315,4,22,70.22,98.63,0.61036,61,-207.16,98.63,4.0E-5,60,-114.7,98.63,0.02858,59,-22.24,98.63,0.36102,3,22,30.9,85.02,0.88779,60,-154.02,85.02,0.0013,59,-61.56,85.02,0.11091,2,22,-5.48,72.43,0.98686,59,-97.94,72.43,0.01314,1,22,-50.98,56.68,1,1,22,-89.98,43.19,1,1,22,-119.31,21.36,1,1,22,-81.56,-29.36,1,2,22,-8.52,-57.76,0.99615,59,-100.98,-57.76,0.00385,3,22,38.07,-75.88,0.86323,60,-146.85,-75.88,0.00667,59,-54.39,-75.88,0.1301,4,22,100.06,-99.99,0.31619,61,-177.32,-99.99,1.1E-4,60,-84.86,-99.99,0.13029,59,7.6,-99.99,0.55342,4,22,143.78,-117,0.07869,61,-133.6,-117,0.01267,60,-41.14,-117,0.35921,59,51.32,-117,0.54942,5,22,183.96,-132.62,0.01272,62,-185.89,-132.62,2.8E-4,61,-93.43,-132.62,0.0591,60,-0.97,-132.62,0.55236,59,91.5,-132.62,0.37556,5,22,210.78,-132.83,0.00217,62,-159.07,-132.83,0.0042,61,-66.6,-132.83,0.11564,60,25.86,-132.83,0.615,59,118.32,-132.83,0.263,4,62,-118.32,-133.14,0.03229,61,-25.86,-133.14,0.27023,60,66.6,-133.14,0.58521,59,159.06,-133.14,0.11228,4,62,-91,-133.35,0.07953,61,1.46,-133.35,0.39189,60,93.92,-133.35,0.47769,59,186.38,-133.35,0.05089,4,62,-48.28,-133.68,0.2269,61,44.18,-133.68,0.50405,60,136.64,-133.68,0.26039,59,229.1,-133.68,0.00866,4,62,-2.45,-134.03,0.47788,61,90.01,-134.03,0.42858,60,182.48,-134.03,0.09346,59,274.94,-134.03,8.0E-5,3,62,47.21,-134.41,0.72911,61,139.67,-134.41,0.25071,60,232.13,-134.41,0.02018],"hull":35,"edges":[6,8,8,10,10,12,42,44,44,46,6,12,12,14,6,4,14,4,4,2,14,16,2,16,16,18,2,0,0,68,18,0,18,20,68,20,20,22,66,68,22,66,64,66,22,24,64,24,24,26,62,64,26,62,60,62,26,28,60,28,28,30,56,58,58,60,30,58,30,32,56,32,32,34,54,56,34,54,52,54,34,36,52,36,36,38,50,52,38,50,46,48,48,50,38,40,40,42,48,40,42,46],"width":482,"height":548}},"Gun":{"Gun":{"type":"mesh","uvs":[0,0.73677,0.06117,1,0.09408,0.99907,0.70682,0.4884,0.73847,0.50929,0.95875,0.33984,1,0.14486,1,0,0.70682,0,0.41818,0.0729,0.32323,0.28413,0.32449,0.42108,0,0.6857],"triangles":[8,7,6,5,8,6,11,10,9,4,3,8,9,8,3,11,9,3,5,4,8,2,0,12,11,2,12,2,11,3,1,0,2],"vertices":[1,12,1584.51,-132.21,1,1,12,1585.9,111.85,1,1,12,1538.34,131.57,1,1,12,485.84,112.48,1,1,12,447.49,148.49,1,1,12,73.9,152.7,1,1,12,-51.37,25.69,1,1,12,-100.45,-87.71,1,1,12,320.36,-269.85,1,1,12,759.35,-392.11,1,1,12,967.21,-285.74,1,1,12,1011.79,-177.74,1,1,12,1567.21,-172.19,1],"hull":13,"edges":[0,2,2,4,4,6,6,8,8,10,10,12,12,14,14,16,16,18,18,20,20,22,22,24,0,24],"width":1564,"height":853}},"foot R":{"foot R":{"type":"mesh","uvs":[1,1,0,1,0,0,1,0],"triangles":[1,2,3,1,3,0],"vertices":[1,20,270.82,268.87,1,1,20,438.08,-158.57,1,1,20,22.74,-321.09,1,1,20,-144.52,106.35,1],"hull":4,"edges":[0,2,2,4,4,6,0,6],"width":459,"height":446}},"mask front":{"mask front":{"type":"mesh","uvs":[1,0.03636,1,0.08178,1,0.1108,1,0.14613,1,0.18776,1,0.22057,1,0.25464,1,0.2887,1,0.32782,1,0.36062,1,0.3909,1,0.4174,1,0.44547,1,0.4707,1,0.5136,1,0.55019,1,0.59309,1,0.62463,1,0.67258,1,0.70286,1,0.72683,1,0.75964,1,0.80254,1,0.84417,1,0.88455,1,0.92366,1,0.96782,1,1,0,1,0,0.96404,0,0.92619,0,0.8896,0,0.85553,0,0.81011,0,0.76973,0,0.72936,0,0.7016,0,0.67636,0,0.63094,0,0.59814,0,0.56407,0,0.5237,0,0.48837,0,0.45051,0,0.41992,0,0.38712,0,0.35305,0,0.32529,0,0.28618,0,0.25085,0,0.22436,0,0.19029,0,0.13982,0,0.10449,0,0.07169,0,0.03383,0,0,1,0],"triangles":[19,37,18,36,19,20,35,36,20,35,20,21,34,35,21,34,21,22,33,34,22,33,22,23,32,33,23,32,23,24,31,32,24,31,24,25,30,31,25,29,30,25,29,25,26,28,29,26,28,26,27,19,36,37,39,16,17,38,17,18,43,12,13,42,43,13,42,13,14,41,42,14,41,14,15,40,41,15,40,15,16,39,40,16,38,39,17,37,38,18,55,56,57,55,57,0,54,55,0,54,0,1,53,54,1,53,1,2,52,53,2,52,2,3,51,52,3,4,51,3,51,4,5,50,51,5,6,49,50,6,50,5,48,49,6,48,6,7,47,48,7,47,7,8,46,47,8,46,8,9,45,46,9,45,9,10,44,45,10,11,44,10,44,11,12,43,44,12],"vertices":[10,17,-121.2,650.26,0.55702,25,-202.42,650.26,0.18046,26,-283.65,650.26,0.03541,27,-364.87,650.26,0.05075,28,-446.1,650.26,0.07588,29,-527.32,650.26,0.0608,30,-608.55,650.26,0.03931,31,-689.77,650.26,2.0E-5,32,-771,650.26,2.8E-4,33,-852.22,650.26,7.0E-5,10,17,-71.04,646.05,0.53997,25,-152.27,646.05,0.18065,26,-233.49,646.05,0.03782,27,-314.72,646.05,0.05338,28,-395.94,646.05,0.07934,29,-477.17,646.05,0.06452,30,-558.39,646.05,0.04251,31,-639.62,646.05,1.7E-4,32,-720.84,646.05,0.00114,33,-802.07,646.05,4.9E-4,10,17,-39,643.36,0.52295,25,-120.23,643.36,0.18056,26,-201.45,643.36,0.04013,27,-282.68,643.36,0.05595,28,-363.9,643.36,0.08278,29,-445.13,643.36,0.0683,30,-526.35,643.36,0.04579,31,-607.58,643.36,3.9E-4,32,-688.8,643.36,0.00208,33,-770.03,643.36,0.00107,10,17,0.01,640.09,0.49613,25,-81.22,640.09,0.17992,26,-162.45,640.09,0.04357,27,-243.67,640.09,0.05988,28,-324.9,640.09,0.08821,29,-406.12,640.09,0.07439,30,-487.35,640.09,0.05115,31,-568.57,640.09,8.3E-4,32,-649.8,640.09,0.00369,33,-731.02,640.09,0.00222,10,17,45.98,636.24,0.45715,25,-35.25,636.24,0.17792,26,-116.47,636.24,0.04812,27,-197.7,636.24,0.06533,28,-278.92,636.24,0.09606,29,-360.15,636.24,0.08357,30,-441.37,636.24,0.05939,31,-522.6,636.24,0.00169,32,-603.82,636.24,0.00633,33,-685.05,636.24,0.00443,10,17,82.2,633.2,0.42249,25,0.97,633.2,0.17504,26,-80.25,633.2,0.05168,27,-161.48,633.2,0.06986,28,-242.7,633.2,0.10296,29,-323.93,633.2,0.09204,30,-405.15,633.2,0.06721,31,-486.38,633.2,0.0027,32,-567.6,633.2,0.00904,33,-648.83,633.2,0.00699,10,17,119.81,630.04,0.3836,25,38.59,630.04,0.17048,26,-42.64,630.04,0.055,27,-123.86,630.04,0.07446,28,-205.09,630.04,0.11055,29,-286.31,630.04,0.10195,30,-367.54,630.04,0.07663,31,-448.76,630.04,0.00412,32,-529.99,630.04,0.01257,33,-611.21,630.04,0.01062,10,17,157.43,626.89,0.34323,25,76.2,626.89,0.1642,26,-5.02,626.89,0.05759,27,-86.25,626.89,0.07857,28,-167.47,626.89,0.11813,29,-248.7,626.89,0.11269,30,-329.92,626.89,0.08725,31,-411.15,626.89,0.00599,32,-492.37,626.89,0.0169,33,-573.6,626.89,0.01545,10,17,200.61,623.27,0.29656,25,119.39,623.27,0.15483,26,38.16,623.27,0.0593,27,-43.06,623.27,0.08221,28,-124.29,623.27,0.12626,29,-205.51,623.27,0.12563,30,-286.74,623.27,0.10074,31,-367.96,623.27,0.00874,32,-449.19,623.27,0.02298,33,-530.41,623.27,0.02274,10,17,236.83,620.23,0.25839,25,155.61,620.23,0.14535,26,74.38,620.23,0.05949,27,-6.84,620.23,0.08404,28,-88.07,620.23,0.13208,29,-169.29,620.23,0.13655,30,-250.52,620.23,0.11289,31,-331.74,620.23,0.0116,32,-412.97,620.23,0.02906,33,-494.19,620.23,0.03054,10,17,270.27,617.42,0.22469,25,189.04,617.42,0.13553,26,107.82,617.42,0.05865,27,26.59,617.42,0.08458,28,-54.63,617.42,0.13631,29,-135.86,617.42,0.14631,30,-217.08,617.42,0.12452,31,-298.31,617.42,0.01467,32,-379.53,617.42,0.03549,33,-460.76,617.42,0.03925,10,17,299.52,614.97,0.19686,25,218.3,614.97,0.12628,26,137.07,614.97,0.05707,27,55.85,614.97,0.08401,28,-25.38,614.97,0.13885,29,-106.6,614.97,0.15431,30,-187.83,614.97,0.13486,31,-269.05,614.97,0.0177,32,-350.28,614.97,0.04182,33,-431.5,614.97,0.04825,10,17,330.51,612.37,0.16942,25,249.29,612.37,0.11601,26,168.06,612.37,0.05459,27,86.84,612.37,0.0823,28,5.61,612.37,0.14013,29,-75.61,612.37,0.16194,30,-156.84,612.37,0.14576,31,-238.06,612.37,0.02123,32,-319.29,612.37,0.04928,33,-400.51,612.37,0.05935,10,17,358.38,610.03,0.14675,25,277.15,610.03,0.10656,26,195.92,610.03,0.0517,27,114.7,610.03,0.07979,28,33.47,610.03,0.13991,29,-47.75,610.03,0.16781,30,-128.98,610.03,0.15532,31,-210.2,610.03,0.02465,32,-291.43,610.04,0.05665,33,-372.65,610.03,0.07085,10,17,405.74,606.06,0.11257,25,324.52,606.06,0.09052,26,243.29,606.06,0.04582,27,162.07,606.06,0.07376,28,80.84,606.06,0.13666,29,-0.39,606.06,0.17521,30,-81.61,606.06,0.17041,31,-162.84,606.06,0.03082,32,-244.06,606.06,0.07045,33,-325.29,606.06,0.09378,10,17,446.14,602.67,0.08802,25,364.92,602.67,0.07736,26,283.69,602.67,0.04014,27,202.47,602.67,0.0671,28,121.24,602.67,0.13093,29,40.02,602.67,0.17833,30,-41.21,602.67,0.18139,31,-122.44,602.67,0.03615,32,-203.66,602.67,0.08342,33,-284.89,602.67,0.11716,10,17,493.51,598.7,0.06427,25,412.28,598.7,0.06297,26,331.06,598.7,0.03321,27,249.83,598.7,0.05816,28,168.61,598.7,0.1213,29,87.38,598.7,0.17802,30,6.16,598.7,0.19128,31,-75.07,598.7,0.04208,32,-156.29,598.7,0.09961,33,-237.52,598.7,0.14909,10,17,528.33,595.78,0.04993,25,447.11,595.78,0.05329,26,365.88,595.78,0.0282,27,284.66,595.78,0.0512,28,203.43,595.78,0.11269,29,122.21,595.78,0.1752,30,40.98,595.78,0.19619,31,-40.24,595.78,0.04597,32,-121.47,595.78,0.11186,33,-202.69,595.78,0.17547,10,17,581.27,591.34,0.03267,25,500.05,591.34,0.04025,26,418.82,591.34,0.02111,27,337.6,591.34,0.04064,28,256.37,591.34,0.09804,29,175.15,591.34,0.1671,30,93.92,591.34,0.1994,31,12.7,591.34,0.05056,32,-68.53,591.34,0.13029,33,-149.75,591.34,0.21995,10,17,614.71,588.54,0.02427,25,533.48,588.54,0.03313,26,452.26,588.54,0.01711,27,371.03,588.54,0.03431,28,289.81,588.54,0.08841,29,208.58,588.54,0.16009,30,127.36,588.54,0.19879,31,46.13,588.54,0.05237,32,-35.09,588.54,0.1413,33,-116.32,588.54,0.25023,10,17,641.18,586.32,0.01881,25,559.95,586.32,0.0281,26,478.73,586.32,0.01423,27,397.5,586.32,0.02958,28,316.28,586.32,0.08079,29,235.05,586.32,0.15376,30,153.82,586.32,0.197,31,72.6,586.32,0.05319,32,-8.63,586.32,0.1495,33,-89.85,586.32,0.27504,10,17,677.4,583.28,0.01287,25,596.17,583.28,0.02208,26,514.95,583.28,0.01078,27,433.72,583.28,0.02366,28,352.5,583.28,0.07075,29,271.27,583.28,0.14443,30,190.05,583.28,0.19292,31,108.82,583.28,0.05336,32,27.6,583.28,0.15962,33,-53.63,583.28,0.30954,10,17,724.76,579.31,0.00735,25,643.54,579.31,0.01566,26,562.31,579.31,0.00709,27,481.09,579.31,0.01702,28,399.86,579.31,0.0588,29,318.64,579.31,0.132,30,237.41,579.31,0.1856,31,156.19,579.31,0.0521,32,74.96,579.31,0.17057,33,-6.26,579.31,0.35382,10,17,770.74,575.45,0.00381,25,689.51,575.45,0.01079,26,608.29,575.45,0.00432,27,527.06,575.45,0.0118,28,445.83,575.45,0.04889,29,364.61,575.45,0.12074,30,283.38,575.45,0.17767,31,202.16,575.45,0.04991,32,120.93,575.45,0.17866,33,39.71,575.45,0.3934,10,17,815.31,571.71,0.00173,25,734.09,571.71,0.00729,26,652.86,571.71,0.00237,27,571.64,571.71,0.00796,28,490.41,571.71,0.04129,29,409.19,571.71,0.11152,30,327.96,571.71,0.1704,31,246.74,571.71,0.04737,32,165.51,571.71,0.18408,33,84.29,571.71,0.42598,10,17,858.5,568.09,6.1E-4,25,777.28,568.09,0.00493,26,696.05,568.09,0.00108,27,614.83,568.09,0.00533,28,533.6,568.09,0.03588,29,452.38,568.09,0.10461,30,371.15,568.09,0.16449,31,289.93,568.09,0.04512,32,208.7,568.09,0.18745,33,127.47,568.09,0.45051,10,17,907.26,564,8.0E-5,25,826.03,564,0.00345,26,744.81,564,2.8E-4,27,663.58,564,0.00366,28,582.36,564,0.03238,29,501.13,564,0.10001,30,419.91,564,0.16039,31,338.68,564,0.04343,32,257.46,564,0.18936,33,176.23,564,0.46695,9,25,861.56,561.02,0.00316,26,780.33,561.02,1.2E-4,27,699.11,561.02,0.00332,28,617.88,561.02,0.03168,29,536.66,561.02,0.09908,30,455.43,561.02,0.15955,31,374.21,561.02,0.04305,32,292.98,561.02,0.18973,33,211.76,561.02,0.47032,8,25,772.72,-498.26,0.0017,26,691.49,-498.26,6.5E-4,27,610.27,-498.26,0.01106,28,529.04,-498.26,0.09683,29,447.82,-498.26,0.00604,30,366.59,-498.26,0.13003,32,204.14,-498.26,0.30812,33,122.92,-498.26,0.44557,9,25,733.01,-494.93,0.00213,26,651.79,-494.93,0.00103,27,570.56,-494.93,0.0119,28,489.34,-494.93,0.09873,29,408.11,-494.93,0.00678,30,326.89,-494.93,0.13145,31,245.66,-494.93,5.2E-4,32,164.44,-494.93,0.30802,33,83.21,-494.93,0.43944,9,25,691.22,-491.43,0.00354,26,609.99,-491.43,0.00232,27,528.77,-491.43,0.01467,28,447.54,-491.43,0.10499,29,366.32,-491.43,0.00918,30,285.09,-491.43,0.13596,31,203.87,-491.43,0.00224,32,122.64,-491.43,0.30737,33,41.42,-491.43,0.41973,9,25,650.82,-488.04,0.00593,26,569.59,-488.04,0.00451,27,488.37,-488.04,0.01927,28,407.14,-488.04,0.11505,29,325.92,-488.04,0.013,30,244.69,-488.04,0.1426,31,163.47,-488.04,0.00482,32,82.24,-488.04,0.30522,33,1.02,-488.04,0.38961,10,17,694.43,-484.88,1.0E-5,25,613.21,-484.88,0.00913,26,531.98,-484.88,0.00749,27,450.76,-484.88,0.02527,28,369.53,-484.88,0.12762,29,288.3,-484.88,0.01772,30,207.08,-484.88,0.14992,31,125.85,-484.88,0.00768,32,44.63,-484.88,0.30087,33,-36.6,-484.88,0.3543,10,17,644.28,-480.68,4.1E-4,25,563.05,-480.68,0.01521,26,481.83,-480.68,0.01325,27,400.6,-480.68,0.03622,28,319.38,-480.68,0.14908,29,238.15,-480.68,0.02541,30,156.93,-480.68,0.15959,31,75.7,-480.68,0.01126,32,-5.52,-480.68,0.28966,33,-86.75,-480.68,0.29992,10,17,599.7,-476.94,0.00178,25,518.47,-476.94,0.02256,26,437.25,-476.94,0.02031,27,356.02,-476.94,0.04873,28,274.8,-476.94,0.17138,29,193.57,-476.94,0.03284,30,112.35,-476.94,0.16598,31,31.12,-476.94,0.0135,32,-50.1,-476.94,0.27376,33,-131.33,-476.94,0.24915,10,17,555.12,-473.2,0.00497,25,473.89,-473.2,0.03216,26,392.67,-473.2,0.02962,27,311.44,-473.2,0.06391,28,230.22,-473.2,0.19533,29,148.99,-473.2,0.03979,30,67.77,-473.2,0.16807,31,-13.46,-473.2,0.01415,32,-94.68,-473.2,0.25205,33,-175.91,-473.2,0.19994,10,17,524.47,-470.63,0.0087,25,443.25,-470.63,0.04017,26,362.02,-470.63,0.03739,27,280.8,-470.63,0.07565,28,199.57,-470.63,0.2116,29,118.35,-470.63,0.04373,30,37.12,-470.63,0.1663,31,-44.1,-470.63,0.01366,32,-125.33,-470.63,0.23435,33,-206.56,-470.63,0.16844,10,17,496.61,-468.29,0.01355,25,415.38,-468.29,0.04857,26,334.16,-468.29,0.04549,27,252.93,-468.29,0.08702,28,171.71,-468.29,0.22543,29,90.48,-468.29,0.04633,30,9.26,-468.29,0.16213,31,-71.97,-468.29,0.01261,32,-153.19,-468.29,0.21677,33,-234.42,-468.29,0.14209,10,17,446.46,-464.09,0.0267,25,365.23,-464.08,0.06632,26,284.01,-464.08,0.06229,27,202.78,-464.08,0.10806,28,121.56,-464.09,0.2457,29,40.33,-464.08,0.0481,30,-40.89,-464.08,0.14895,31,-122.12,-464.08,0.0098,32,-203.34,-464.08,0.18327,33,-284.57,-464.08,0.10081,10,17,410.24,-461.05,0.04091,25,329.01,-461.05,0.08134,26,247.79,-461.05,0.07599,27,166.56,-461.05,0.1226,28,85.34,-461.05,0.25451,29,4.11,-461.05,0.04652,30,-77.11,-461.05,0.13527,31,-158.34,-461.05,0.00739,32,-239.56,-461.05,0.15892,33,-320.79,-461.05,0.07655,10,17,372.62,-457.89,0.06033,25,291.4,-457.89,0.09848,26,210.17,-457.89,0.0909,27,128.95,-457.89,0.13591,28,47.72,-457.89,0.25766,29,-33.5,-457.89,0.04275,30,-114.73,-457.89,0.11879,31,-195.95,-457.89,0.00497,32,-277.18,-457.89,0.13452,33,-358.4,-457.89,0.05569,10,17,328.04,-454.15,0.09118,25,246.82,-454.15,0.12018,26,165.59,-454.15,0.10825,27,84.37,-454.15,0.14731,28,3.14,-454.15,0.25201,29,-78.08,-454.15,0.0361,30,-159.31,-454.15,0.09792,31,-240.53,-454.15,0.00266,32,-321.76,-454.15,0.10786,33,-402.98,-454.15,0.03652,10,17,289.04,-450.88,0.12641,25,207.81,-450.88,0.13944,26,126.59,-450.88,0.12163,27,45.36,-450.88,0.15184,28,-35.86,-450.88,0.23887,29,-117.09,-450.88,0.02917,30,-198.32,-450.88,0.07992,31,-279.54,-450.88,0.00127,32,-360.77,-450.88,0.08727,33,-441.99,-450.88,0.02417,10,17,247.24,-447.38,0.1734,25,166.02,-447.38,0.15881,26,84.79,-447.38,0.13246,27,3.57,-447.38,0.15031,28,-77.66,-447.38,0.21784,29,-158.88,-447.38,0.02166,30,-240.11,-447.38,0.06213,31,-321.33,-447.38,4.2E-4,32,-402.56,-447.38,0.06826,33,-483.78,-447.38,0.0147,10,17,213.47,-444.54,0.21836,25,132.24,-444.54,0.17226,26,51.02,-444.54,0.13762,27,-30.21,-444.54,0.14449,28,-111.43,-444.54,0.19731,29,-192.66,-444.54,0.01611,30,-273.88,-444.54,0.04938,31,-355.11,-444.54,1.1E-4,32,-436.33,-444.54,0.0551,33,-517.56,-444.54,0.00926,10,17,177.25,-441.51,0.27338,25,96.02,-441.51,0.1832,26,14.8,-441.51,0.13892,27,-66.43,-441.51,0.13429,28,-147.65,-441.51,0.17333,29,-228.88,-441.51,0.01104,30,-310.11,-441.51,0.03758,31,-391.33,-441.51,1.0E-5,32,-472.56,-441.51,0.04308,33,-553.78,-441.51,0.00518,9,17,139.63,-438.35,0.3378,25,58.41,-438.35,0.18933,26,-22.82,-438.35,0.13514,27,-104.04,-438.35,0.1201,28,-185.27,-438.35,0.14773,29,-266.49,-438.35,0.00694,30,-347.72,-438.35,0.02756,32,-510.17,-438.35,0.03287,33,-591.39,-438.35,0.00255,9,17,108.98,-435.78,0.39455,25,27.76,-435.78,0.18999,26,-53.47,-435.78,0.12863,27,-134.69,-435.78,0.10691,28,-215.92,-435.78,0.12738,29,-297.14,-435.78,0.00442,30,-378.37,-435.78,0.02089,32,-540.82,-435.78,0.02598,33,-622.04,-435.78,0.00125,9,17,65.8,-432.16,0.4785,25,-15.43,-432.16,0.1841,26,-96.65,-432.16,0.11534,27,-177.88,-432.16,0.08745,28,-259.1,-432.16,0.10061,29,-340.33,-432.16,0.00202,30,-421.55,-432.16,0.01352,32,-584,-432.16,0.01814,33,-665.23,-432.16,3.2E-4,9,17,26.79,-428.89,0.55526,25,-54.43,-428.89,0.17251,26,-135.66,-428.89,0.10062,27,-216.89,-428.89,0.07034,28,-298.11,-428.89,0.07915,29,-379.34,-428.89,7.8E-4,30,-460.56,-428.89,0.00864,32,-623.01,-428.89,0.01267,33,-704.24,-428.89,3.0E-5,8,17,-2.46,-426.43,0.61143,25,-83.69,-426.43,0.16053,26,-164.92,-426.43,0.08871,27,-246.14,-426.43,0.05843,28,-327.37,-426.43,0.06515,29,-408.59,-426.43,3.0E-4,30,-489.82,-426.43,0.00597,32,-652.27,-426.43,0.00948,8,17,-40.08,-423.28,0.67977,25,-121.3,-423.28,0.14281,26,-202.53,-423.28,0.07345,27,-283.75,-423.28,0.04463,28,-364.98,-423.28,0.04957,29,-446.2,-423.28,4.0E-5,30,-527.43,-423.28,0.00346,32,-689.88,-423.28,0.00626,7,17,-95.8,-418.61,0.76715,25,-177.03,-418.6,0.11574,26,-258.25,-418.6,0.05322,27,-339.48,-418.6,0.0281,28,-420.7,-418.61,0.03157,30,-583.15,-418.6,0.00125,32,-745.6,-418.6,0.00296,7,17,-134.81,-415.33,0.81431,25,-216.04,-415.33,0.09921,26,-297.26,-415.33,0.04211,27,-378.49,-415.33,0.0197,28,-459.71,-415.33,0.02265,30,-622.16,-415.33,4.8E-4,32,-784.61,-415.33,0.00153,7,17,-171.03,-412.3,0.84692,25,-252.26,-412.3,0.08703,26,-333.48,-412.3,0.03438,27,-414.71,-412.3,0.0141,28,-495.93,-412.3,0.01676,30,-658.38,-412.3,1.4E-4,32,-820.83,-412.3,6.8E-4,7,17,-212.82,-408.79,0.87033,25,-294.05,-408.79,0.07788,26,-375.27,-408.79,0.0288,27,-456.5,-408.79,0.01018,28,-537.72,-408.79,0.01266,30,-700.18,-408.79,1.0E-5,32,-862.63,-408.79,1.4E-4,5,17,-250.18,-405.66,0.8769,25,-331.41,-405.66,0.07526,26,-412.63,-405.66,0.02722,27,-493.86,-405.66,0.00909,28,-575.08,-405.66,0.01152,8,17,-161.34,653.62,0.5613,25,-242.56,653.62,0.18037,26,-323.79,653.62,0.03479,27,-405.01,653.62,0.05009,28,-486.24,653.62,0.075,29,-567.46,653.62,0.05987,30,-648.69,653.62,0.03852,32,-811.14,653.62,7.0E-5],"hull":58,"edges":[54,56,112,114,56,58,54,52,58,52,52,50,58,60,50,60,60,62,50,48,62,48,48,46,62,64,46,64,64,66,46,44,66,44,44,42,66,68,42,68,68,70,42,40,70,40,36,74,74,76,36,34,76,34,36,38,38,40,70,72,72,74,38,72,76,78,34,32,78,32,32,30,78,80,30,80,80,82,30,28,82,28,28,26,82,84,26,84,84,86,26,24,86,24,24,22,86,88,22,88,88,90,22,20,90,20,20,18,90,92,18,92,92,94,18,16,94,16,16,14,94,96,14,96,96,98,14,12,98,12,12,10,98,100,10,100,100,102,10,8,102,8,8,6,102,104,6,104,104,106,6,4,106,4,4,2,106,108,2,108,108,110,110,112,2,0,0,114,110,0],"width":1063,"height":1108}},"face":{"face":{"type":"mesh","uvs":[1,1,0,1,0,0,1,0],"triangles":[1,2,3,1,3,0],"vertices":[1,15,6.14,-537.24,1,1,15,35.71,467.33,1,1,15,785.38,445.26,1,1,15,755.82,-559.3,1],"hull":4,"edges":[0,2,2,4,4,6,0,6],"width":1005,"height":750}},"leg L":{"leg L":{"type":"mesh","uvs":[1,1,0,1,0,0,1,0],"triangles":[1,2,3,1,3,0],"vertices":[1,24,383.5,76.51,1,1,24,368.12,-120.3,1,1,24,92.45,-60.35,1,1,24,107.84,136.46,1],"hull":4,"edges":[0,2,2,4,4,6,0,6],"width":198,"height":276}},"Hand L":{"Hand L":{"type":"mesh","uvs":[1,1,0,1,0,0,1,0],"triangles":[1,2,3,1,3,0],"vertices":[1,13,-217.64,262.09,1,1,13,425.72,347.39,1,1,13,496.18,-183.96,1,1,13,-147.19,-269.26,1],"hull":4,"edges":[0,2,2,4,4,6,0,6],"width":649,"height":536}}}}],"animations":{"Idle":{"bones":{"Hip":{"translate":[{},{"time":0.5,"x":-19.77,"y":-40.89},{"time":1}]},"Leg R":{"rotate":[{}]},"Leg L":{"rotate":[{"angle":-1.56}]},"Arm L top":{"rotate":[{"angle":16.42}]},"Arm L bot":{"rotate":[{"angle":4.87}]},"Arm R top":{"rotate":[{"angle":23.2}]},"Arm R bot":{"rotate":[{"angle":74.15}]},"gun":{"rotate":[{},{"time":0.5,"angle":-8.33},{"time":1}],"translate":[{},{"time":0.5,"x":47.27,"y":8.63},{"time":1}]},"Mask front":{"rotate":[{},{"time":0.5,"angle":-0.87},{"time":1}]},"Mask back":{"rotate":[{},{"time":0.5,"angle":-1.11},{"time":1}]},"Shround L":{"rotate":[{},{"time":0.5,"angle":-1.59},{"time":1}]},"shround R":{"rotate":[{},{"time":0.5,"angle":3.71},{"time":1}]},"Leg L2":{"rotate":[{"angle":3.22}]},"Mask front2":{"rotate":[{},{"time":0.5,"angle":-0.87},{"time":1}]},"Mask front3":{"rotate":[{},{"time":0.5,"angle":-0.87},{"time":1}]},"Mask front4":{"rotate":[{},{"time":0.5,"angle":-0.87},{"time":1}]},"Mask front5":{"rotate":[{},{"time":0.5,"angle":-0.87},{"time":1}]},"Mask front6":{"rotate":[{},{"time":0.5,"angle":-0.87},{"time":1}]},"Mask front7":{"rotate":[{},{"time":0.5,"angle":-0.87},{"time":1}]},"Mask front8":{"rotate":[{},{"time":0.5,"angle":-0.87},{"time":1}]},"Mask front9":{"rotate":[{},{"time":0.5,"angle":-0.87},{"time":1}]},"Mask front10":{"rotate":[{},{"time":0.5,"angle":-0.87},{"time":1}]},"Mask back2":{"rotate":[{},{"time":0.5,"angle":-1.11},{"time":1}]},"Mask back3":{"rotate":[{},{"time":0.5,"angle":-1.11},{"time":1}]},"Mask back4":{"rotate":[{},{"time":0.5,"angle":-1.11},{"time":1}]},"Mask back5":{"rotate":[{},{"time":0.5,"angle":-1.11},{"time":1}]},"Mask back6":{"rotate":[{},{"time":0.5,"angle":-1.11},{"time":1}]},"Mask back7":{"rotate":[{},{"time":0.5,"angle":-1.11},{"time":1}]},"Mask back8":{"rotate":[{},{"time":0.5,"angle":-1.11},{"time":1}]},"Mask back9":{"rotate":[{},{"time":0.5,"angle":-1.11},{"time":1}]},"Mask back10":{"rotate":[{},{"time":0.5,"angle":-1.11},{"time":1}]},"Leg R3":{"rotate":[{}]},"Knee R":{"rotate":[{"angle":90.22}],"translate":[{"x":0.02}]},"Leg L3":{"rotate":[{"angle":-1.56}],"shear":[{"y":7.93}]},"Leg L4":{"rotate":[{"angle":3.17}]},"Hip2":{"translate":[{}]},"Arm L top2":{"rotate":[{"angle":16.47}]},"Arm L bot2":{"rotate":[{"angle":4.84}]},"Hip3":{"translate":[{"x":-135.58,"y":56.98}]},"Arm R top2":{"rotate":[{"angle":23.26}]},"Arm R bot2":{"rotate":[{"angle":74.03}]},"Hip4":{"translate":[{"x":38.77,"y":-25.77}]},"Shround L2":{"rotate":[{},{"time":0.5,"angle":-1.59},{"time":1}]},"Shround L3":{"rotate":[{},{"time":0.5,"angle":-1.59},{"time":1}]},"Shround L4":{"rotate":[{},{"time":0.5,"angle":-1.59},{"time":1}]},"Shround L5":{"rotate":[{},{"time":0.5,"angle":-1.59},{"time":1}]},"shround R2":{"rotate":[{},{"time":0.5,"angle":3.71},{"time":1}]},"shround R3":{"rotate":[{},{"time":0.5,"angle":3.71},{"time":1}]},"shround R4":{"rotate":[{},{"time":0.5,"angle":3.71},{"time":1}]},"shround R5":{"rotate":[{},{"time":0.5,"angle":3.71},{"time":1}]},"Skrit Front":{"rotate":[{},{"time":0.5,"angle":-0.87},{"time":1}]},"Skrit Front2":{"rotate":[{},{"time":0.5,"angle":-4.47},{"time":1}]},"Skrit Front3":{"rotate":[{},{"time":0.5,"angle":-0.87},{"time":1}]},"Skrit Front4":{"rotate":[{},{"time":0.5,"angle":-5.01},{"time":1}]},"Skrit Front5":{"rotate":[{},{"time":0.5,"angle":-0.87},{"time":1}]},"Skrit Front6":{"rotate":[{},{"time":0.5,"angle":-0.87},{"time":1}]},"Skrit Front7":{"rotate":[{},{"time":0.5,"angle":0.53},{"time":1}]},"Skrit Front8":{"rotate":[{},{"time":0.5,"angle":0.53},{"time":1}]},"Skrit Front9":{"rotate":[{},{"time":0.5,"angle":0.53},{"time":1}]},"Skrit Front10":{"rotate":[{},{"time":0.5,"angle":-3.12},{"time":1}]},"Skirt L":{"rotate":[{},{"time":0.5,"angle":-1.08},{"time":1}]},"Skirt L2":{"rotate":[{},{"time":0.5,"angle":-3.76},{"time":1}]},"Skirt L3":{"rotate":[{},{"time":0.5,"angle":-1.08},{"time":1}]},"Skirt L4":{"rotate":[{},{"time":0.5,"angle":-1.08},{"time":1}]},"Skirt L5":{"rotate":[{},{"time":0.5,"angle":-1.08},{"time":1}]},"Skirt L6":{"rotate":[{},{"time":0.5,"angle":0.69},{"time":1}]},"Skirt L7":{"rotate":[{},{"time":0.5,"angle":0.69},{"time":1}]},"Skirt L8":{"rotate":[{},{"time":0.5,"angle":0.69},{"time":1}]},"Skirt L9":{"rotate":[{},{"time":0.5,"angle":0.69},{"time":1}]},"Skirt L10":{"rotate":[{},{"time":0.5,"angle":0.69},{"time":1}]}}},"animation":{},"attack":{"bones":{"Hip":{"translate":[{},{"time":0.3333,"x":73.54,"y":-30.28},{"time":0.4,"x":123.5,"y":-27.25},{"time":0.6667,"x":73.54,"y":-30.28},{"time":1}]},"Arm L top":{"rotate":[{"angle":16.42}]},"Mask back10":{"rotate":[{},{"time":0.2333,"angle":-0.9,"curve":0,"c2":0.39,"c4":0.2},{"time":0.3333,"angle":-1.8},{"time":0.6667,"angle":1.61},{"time":1}]},"Arm R bot":{"rotate":[{"angle":74.15}]},"Mask back6":{"rotate":[{},{"time":0.2333,"angle":-0.9,"curve":0,"c2":0.39,"c4":0.2},{"time":0.3333,"angle":-1.8},{"time":0.6667,"angle":1.61},{"time":1}]},"Mask front8":{"rotate":[{},{"time":0.2333,"angle":-1.37,"curve":0,"c2":0.39,"c4":0.2},{"time":0.3333,"angle":-1.84},{"time":0.6667,"angle":1.6},{"time":1}]},"Foot L":{"translate":[{"time":0.1},{"time":0.2,"x":42.64,"y":42},{"time":0.3333,"x":99.5,"curve":"stepped"},{"time":0.6667,"x":99.5},{"time":1}]},"shround R4":{"rotate":[{},{"time":0.3333,"angle":-1.43},{"time":0.5,"angle":-5.52},{"time":0.6667,"angle":-1.43},{"time":1}]},"Arm L bot2":{"rotate":[{"angle":4.84}]},"Mask front6":{"rotate":[{},{"time":0.2333,"angle":-1.37,"curve":0,"c2":0.39,"c4":0.2},{"time":0.3333,"angle":-1.84},{"time":0.6667,"angle":1.6},{"time":1}]},"gun":{"rotate":[{},{"time":0.2333,"angle":-23.13,"curve":"stepped"},{"time":0.3333,"angle":-23.13},{"time":0.4,"angle":-29.4},{"time":0.6667,"angle":-23.35},{"time":1}],"translate":[{},{"time":0.2333,"x":37.54,"y":-72.28,"curve":"stepped"},{"time":0.3333,"x":37.54,"y":-72.28},{"time":0.4,"x":144.47,"y":57.16},{"time":0.6667,"x":82.57,"y":17.77},{"time":1}]},"Arm R top":{"rotate":[{"angle":23.2}]},"Knee R":{"rotate":[{"angle":90.22}],"translate":[{"x":0.02}]},"Mask front2":{"rotate":[{},{"time":0.2333,"angle":-1.37,"curve":0,"c2":0.39,"c4":0.2},{"time":0.3333,"angle":-1.84},{"time":0.6667,"angle":1.6},{"time":1}]},"Leg R3":{"rotate":[{}]},"Mask back2":{"rotate":[{},{"time":0.2333,"angle":-0.9,"curve":0,"c2":0.39,"c4":0.2},{"time":0.3333,"angle":-1.8},{"time":0.6667,"angle":1.61},{"time":1}]},"Skrit Front5":{"rotate":[{},{"time":0.3333,"angle":-5.72},{"time":0.4333,"angle":-4.26},{"time":1}]},"Mask back5":{"rotate":[{},{"time":0.2333,"angle":-0.9,"curve":0,"c2":0.39,"c4":0.2},{"time":0.3333,"angle":-1.8},{"time":0.6667,"angle":1.61},{"time":1}]},"Mask front5":{"rotate":[{},{"time":0.2333,"angle":-1.37,"curve":0,"c2":0.39,"c4":0.2},{"time":0.3333,"angle":-1.84},{"time":0.6667,"angle":1.6},{"time":1}]},"Mask back3":{"rotate":[{},{"time":0.2333,"angle":-0.9,"curve":0,"c2":0.39,"c4":0.2},{"time":0.3333,"angle":-1.8},{"time":0.6667,"angle":1.61},{"time":1}]},"Leg L":{"rotate":[{"angle":-1.56}]},"Mask front":{"rotate":[{},{"time":0.2333,"angle":-1.37,"curve":0,"c2":0.39,"c4":0.2},{"time":0.3333,"angle":-1.84},{"time":0.6667,"angle":1.6},{"time":1}]},"Mask front3":{"rotate":[{},{"time":0.2333,"angle":-1.37,"curve":0,"c2":0.39,"c4":0.2},{"time":0.3333,"angle":-3.43},{"time":0.6667,"angle":1.6},{"time":1}]},"Hip3":{"translate":[{"x":-135.58,"y":56.98}]},"Arm L top2":{"rotate":[{"angle":16.47}]},"Leg L4":{"rotate":[{"angle":3.17}]},"Shround L":{"rotate":[{},{"time":0.3333,"angle":-6.63},{"time":0.5,"angle":-2.79},{"time":0.6667,"angle":-2.84},{"time":1}]},"Mask front4":{"rotate":[{},{"time":0.2333,"angle":-1.37,"curve":0,"c2":0.39,"c4":0.2},{"time":0.3333,"angle":-2.75},{"time":0.6667,"angle":1.6},{"time":1}]},"Arm R top2":{"rotate":[{"angle":23.26}]},"Skrit Front9":{"rotate":[{},{"time":0.3333,"angle":-0.55},{"time":0.4333,"angle":-2.94},{"time":1}]},"Leg R":{"rotate":[{}]},"Skrit Front7":{"rotate":[{},{"time":0.3333,"angle":-0.55},{"time":0.4333,"angle":-2.94},{"time":1}]},"Shround L2":{"rotate":[{},{"time":0.3333,"angle":-6.63},{"time":0.5,"angle":-2.79},{"time":0.6667,"angle":-2.84},{"time":1}]},"Leg L2":{"rotate":[{"angle":3.22}]},"Arm R bot2":{"rotate":[{"angle":74.03}]},"Mask back4":{"rotate":[{},{"time":0.2333,"angle":-0.9,"curve":0,"c2":0.39,"c4":0.2},{"time":0.3333,"angle":-1.8},{"time":0.6667,"angle":1.61},{"time":1}]},"Mask front10":{"rotate":[{},{"time":0.2333,"angle":-1.37,"curve":0,"c2":0.39,"c4":0.2},{"time":0.3333,"angle":-1.84},{"time":0.6667,"angle":1.6},{"time":1}]},"Mask front9":{"rotate":[{},{"time":0.2333,"angle":-1.37,"curve":0,"c2":0.39,"c4":0.2},{"time":0.3333,"angle":-1.84},{"time":0.6667,"angle":1.6},{"time":1}]},"Mask back9":{"rotate":[{},{"time":0.2333,"angle":-0.9,"curve":0,"c2":0.39,"c4":0.2},{"time":0.3333,"angle":-1.8},{"time":0.6667,"angle":1.61},{"time":1}]},"Shround L4":{"rotate":[{},{"time":0.3333,"angle":-6.63},{"time":0.5,"angle":-2.79},{"time":0.6667,"angle":-2.84},{"time":1}]},"Skrit Front4":{"rotate":[{},{"time":0.3333,"angle":-4.73},{"time":0.4333,"angle":-6.49},{"time":1}]},"shround R5":{"rotate":[{},{"time":0.3333,"angle":-1.43},{"time":0.5,"angle":-5.52},{"time":0.6667,"angle":-1.43},{"time":1}]},"shround R3":{"rotate":[{},{"time":0.3333,"angle":-1.43},{"time":0.5,"angle":-5.52},{"time":0.6667,"angle":-1.43},{"time":1}]},"Skrit Front8":{"rotate":[{},{"time":0.3333,"angle":-0.55},{"time":0.4333,"angle":-2.94},{"time":1}]},"shround R":{"rotate":[{},{"time":0.3333,"angle":-1.43},{"time":0.5,"angle":-5.52},{"time":0.6667,"angle":-1.43},{"time":1}]},"Mask back":{"rotate":[{},{"time":0.2333,"angle":-0.9,"curve":0,"c2":0.39,"c4":0.2},{"time":0.3333,"angle":-1.8},{"time":0.6667,"angle":1.61},{"time":1}]},"Skrit Front10":{"rotate":[{},{"time":0.3333,"angle":-0.55},{"time":0.4333,"angle":-2.94},{"time":1}]},"Hip4":{"translate":[{"x":38.77,"y":-25.77}]},"Mask back7":{"rotate":[{},{"time":0.2333,"angle":-0.9,"curve":0,"c2":0.39,"c4":0.2},{"time":0.3333,"angle":-1.8},{"time":0.6667,"angle":1.61},{"time":1}]},"bone10":{"translate":[{"time":0.7667},{"time":0.8333,"x":-109.28,"y":-0.68,"curve":0.25,"c3":0,"c4":0.68},{"time":1}]},"Hip2":{"translate":[{}]},"shround R2":{"rotate":[{},{"time":0.3333,"angle":-1.43},{"time":0.5,"angle":-5.52},{"time":0.6667,"angle":-1.43},{"time":1}]},"Skrit Front3":{"rotate":[{},{"time":0.3333,"angle":-2.56},{"time":0.4333,"angle":-10},{"time":1}]},"Mask back8":{"rotate":[{},{"time":0.2333,"angle":-0.9,"curve":0,"c2":0.39,"c4":0.2},{"time":0.3333,"angle":-1.8},{"time":0.6667,"angle":1.61},{"time":1}]},"Shround L3":{"rotate":[{},{"time":0.3333,"angle":-6.63},{"time":0.5,"angle":-2.79},{"time":0.6667,"angle":-2.84},{"time":1}]},"Arm L bot":{"rotate":[{"angle":4.87}]},"Mask front7":{"rotate":[{},{"time":0.2333,"angle":-1.37,"curve":0,"c2":0.39,"c4":0.2},{"time":0.3333,"angle":-1.84},{"time":0.6667,"angle":1.6},{"time":1}]},"Leg L3":{"rotate":[{"angle":-1.56}],"shear":[{"y":7.93}]},"Skrit Front6":{"rotate":[{},{"time":0.3333,"angle":1.3},{"time":0.4333,"angle":-1.37},{"time":1}]},"Shround L5":{"rotate":[{},{"time":0.3333,"angle":-6.63},{"time":0.5,"angle":-2.79},{"time":0.6667,"angle":-2.84},{"time":1}]},"bone":{"translate":[{"time":0.1667},{"time":0.3333,"x":89.35,"curve":"stepped"},{"time":0.6667,"x":89.35},{"time":1}],"scale":[{"time":0.1667},{"time":0.3333,"x":1.158,"curve":"stepped"},{"time":0.6667,"x":1.158},{"time":1}]}}},"dead":{"bones":{"Hip":{"rotate":[{"curve":0.356,"c2":0.12,"c3":0.606,"c4":0.91},{"time":0.3333,"angle":-48.38,"curve":0,"c2":0.18,"c3":0.991,"c4":0.31},{"time":0.6667,"angle":-88}],"translate":[{"curve":0.356,"c2":0.12,"c3":0.606,"c4":0.91},{"time":0.3333,"x":432.31,"y":-37.77,"curve":0,"c2":0.18,"c3":0.991,"c4":0.31},{"time":0.6667,"x":796.09,"y":-610.5}]},"Mask front":{"rotate":[{},{"time":0.3333,"angle":-4.55},{"time":0.6667,"curve":0.368,"c2":0.12,"c3":0.671,"c4":0.6},{"time":0.8,"angle":7.66,"curve":0.304,"c2":0.48,"c3":0.625,"c4":0.9},{"time":0.9}]},"Mask front10":{"rotate":[{"curve":0.356,"c2":0.12,"c3":0.606,"c4":0.91},{"time":0.3333,"angle":-4.55},{"time":0.8,"angle":3.11}]},"Mask front9":{"rotate":[{"curve":0.356,"c2":0.12,"c3":0.606,"c4":0.91},{"time":0.3333,"angle":-4.55},{"time":0.8,"angle":3.11}]},"Mask front8":{"rotate":[{"curve":0.356,"c2":0.12,"c3":0.606,"c4":0.91},{"time":0.3333,"angle":-4.55},{"time":0.8,"angle":3.11}]},"Mask front7":{"rotate":[{"curve":0.356,"c2":0.12,"c3":0.606,"c4":0.91},{"time":0.3333,"angle":-4.55},{"time":0.8,"angle":3.11}]},"Mask front6":{"rotate":[{"curve":0.356,"c2":0.12,"c3":0.606,"c4":0.91},{"time":0.3333,"angle":-4.55},{"time":0.8,"angle":3.11}]},"Mask front5":{"rotate":[{"curve":0.356,"c2":0.12,"c3":0.606,"c4":0.91},{"time":0.3333,"angle":-4.55},{"time":0.8,"angle":3.11}]},"Mask front4":{"rotate":[{"curve":0.356,"c2":0.12,"c3":0.606,"c4":0.91},{"time":0.3333,"angle":-4.55},{"time":0.8,"angle":3.11}]},"Mask front3":{"rotate":[{"curve":0.356,"c2":0.12,"c3":0.606,"c4":0.91},{"time":0.3333,"angle":-4.55},{"time":0.8,"angle":3.11}]},"Mask front2":{"rotate":[{"curve":0.356,"c2":0.12,"c3":0.606,"c4":0.91},{"time":0.3333,"angle":-4.55},{"time":0.8,"angle":3.11}]},"Mask back10":{"rotate":[{"curve":0.356,"c2":0.12,"c3":0.606,"c4":0.91},{"time":0.3333,"angle":-4.55},{"time":0.6667,"angle":0.29},{"time":0.8,"angle":4.31},{"time":0.9,"angle":1.62}]},"Mask back9":{"rotate":[{"curve":0.356,"c2":0.12,"c3":0.606,"c4":0.91},{"time":0.3333,"angle":-4.55},{"time":0.6667,"angle":0.29},{"time":0.8,"angle":4.31},{"time":0.9,"angle":1.62}]},"Mask back8":{"rotate":[{"curve":0.356,"c2":0.12,"c3":0.606,"c4":0.91},{"time":0.3333,"angle":-4.55},{"time":0.6667,"angle":0.29},{"time":0.8,"angle":4.31},{"time":0.9,"angle":1.62}]},"Mask back7":{"rotate":[{"curve":0.356,"c2":0.12,"c3":0.606,"c4":0.91},{"time":0.3333,"angle":-4.55},{"time":0.6667,"angle":0.29},{"time":0.8,"angle":4.31},{"time":0.9,"angle":1.62}]},"Mask back6":{"rotate":[{"curve":0.356,"c2":0.12,"c3":0.606,"c4":0.91},{"time":0.3333,"angle":-4.55},{"time":0.6667,"angle":0.29},{"time":0.8,"angle":4.31},{"time":0.9,"angle":1.62}]},"Mask back5":{"rotate":[{"curve":0.356,"c2":0.12,"c3":0.606,"c4":0.91},{"time":0.3333,"angle":-4.55},{"time":0.6667,"angle":0.29},{"time":0.8,"angle":4.31},{"time":0.9,"angle":1.62}]},"Mask back4":{"rotate":[{"curve":0.356,"c2":0.12,"c3":0.606,"c4":0.91},{"time":0.3333,"angle":-4.55},{"time":0.6667,"angle":0.29},{"time":0.8,"angle":4.31},{"time":0.9,"angle":1.62}]},"Mask back3":{"rotate":[{"curve":0.356,"c2":0.12,"c3":0.606,"c4":0.91},{"time":0.3333,"angle":-4.55},{"time":0.6667,"angle":0.29},{"time":0.8,"angle":4.31},{"time":0.9,"angle":1.62}]},"Mask back2":{"rotate":[{"curve":0.356,"c2":0.12,"c3":0.606,"c4":0.91},{"time":0.3333,"angle":-4.55},{"time":0.6667,"angle":0.29},{"time":0.8,"angle":4.31},{"time":0.9,"angle":1.62}]},"Mask back":{"rotate":[{"curve":0.356,"c2":0.12,"c3":0.606,"c4":0.91},{"time":0.3333,"angle":-4.55},{"time":0.6667,"angle":0.29},{"time":0.8,"angle":4.31},{"time":0.9,"angle":1.62}]},"Leg R":{"rotate":[{"curve":"stepped"},{"time":0.3333},{"time":0.9,"angle":-4.55}]},"Leg L":{"rotate":[{"angle":-1.56,"curve":"stepped"},{"time":0.3333,"angle":-1.56},{"time":0.9,"angle":-18.49}]},"body":{"rotate":[{"time":0.3333},{"time":0.6667,"angle":-1.17},{"time":0.7333,"angle":-6.65},{"time":0.8333,"angle":-1.17},{"time":1,"angle":-1.76}]},"body2":{"rotate":[{"time":0.3333},{"time":0.9,"angle":-1.76}]},"body3":{"rotate":[{"time":0.3333},{"time":0.9,"angle":-1.76}]},"body4":{"rotate":[{"time":0.3333},{"time":0.9,"angle":-1.76}]},"Arm L top":{"rotate":[{"angle":16.42,"curve":"stepped"},{"time":0.3333,"angle":16.42},{"time":0.9,"angle":118.91}]},"Arm L bot":{"rotate":[{"angle":4.87,"curve":"stepped"},{"time":0.3333,"angle":4.87},{"time":0.9,"angle":-36.52}]},"Arm R top":{"rotate":[{"angle":23.2,"curve":"stepped"},{"time":0.3333,"angle":23.2},{"time":0.9,"angle":64.08}]},"Arm R bot":{"rotate":[{"angle":74.15,"curve":"stepped"},{"time":0.3333,"angle":74.15},{"time":0.9,"angle":79.11}]},"gun":{"rotate":[{"curve":0.356,"c2":0.12,"c3":0.606,"c4":0.91},{"time":0.3333,"angle":-57.93,"curve":0,"c2":0.18,"c3":0.991,"c4":0.31},{"time":0.6667,"angle":-48.26}],"translate":[{"curve":0.356,"c2":0.12,"c3":0.606,"c4":0.91},{"time":0.3333,"x":450.63,"y":-140.15,"curve":0,"c2":0.18,"c3":0.991,"c4":0.31},{"time":0.6667,"x":1050.06,"y":-1074.48}]},"Foot L":{"rotate":[{"time":0.3333,"curve":0,"c2":0.18,"c3":0.991,"c4":0.31},{"time":0.6667,"angle":-81.6}],"translate":[{"time":0.3333,"curve":0,"c2":0.18,"c3":0.991,"c4":0.31},{"time":0.6667,"x":-224.66,"y":-180.71}]},"Foot R":{"rotate":[{"time":0.3333,"curve":0,"c2":0.18,"c3":0.991,"c4":0.31},{"time":0.6667,"angle":-71.41}],"translate":[{"curve":0.356,"c2":0.12,"c3":0.606,"c4":0.91},{"time":0.3333,"x":-68.38,"y":219.78,"curve":0,"c2":0.18,"c3":0.991,"c4":0.31},{"time":0.6667,"x":283.27,"y":-34.19}]},"Shround L":{"rotate":[{"curve":0.356,"c2":0.12,"c3":0.606,"c4":0.91},{"time":0.3333,"angle":-1.37}]},"shround R":{"rotate":[{"curve":0.356,"c2":0.12,"c3":0.606,"c4":0.91},{"time":0.3333,"angle":-7.11}]},"Leg R2":{"rotate":[{"time":0.3333},{"time":0.9,"angle":52.11}]},"Leg L2":{"rotate":[{"angle":3.22,"curve":"stepped"},{"time":0.3333,"angle":3.22},{"time":0.9,"angle":24.29}]},"Leg R3":{"rotate":[{"curve":"stepped"},{"time":0.3333},{"time":0.9,"angle":-4.55}]},"Leg R4":{"rotate":[{"time":0.3333},{"time":0.9,"angle":52.11}]},"Knee R":{"rotate":[{"angle":90.22,"curve":"stepped"},{"time":0.3333,"angle":90.22},{"time":0.9,"angle":-92.27}],"translate":[{"x":0.02,"curve":"stepped"},{"time":0.3333,"x":0.02},{"time":0.9,"x":-27.73,"y":1.77}]},"Leg L3":{"rotate":[{"angle":-1.56,"curve":"stepped"},{"time":0.3333,"angle":-1.56},{"time":0.9,"angle":-18.49}]},"Leg L4":{"rotate":[{"angle":3.17,"curve":"stepped"},{"time":0.3333,"angle":3.17},{"time":0.9,"angle":22.82}]},"Hip2":{"translate":[{"curve":"stepped"},{"time":0.3333},{"time":0.9,"x":-100.91,"y":-1.23}]},"Arm L top2":{"rotate":[{"angle":16.47,"curve":"stepped"},{"time":0.3333,"angle":16.47},{"time":0.9,"angle":118.95}]},"Arm L bot2":{"rotate":[{"angle":4.84,"curve":"stepped"},{"time":0.3333,"angle":4.84},{"time":0.9,"angle":-36.53}]},"Hip3":{"translate":[{"x":-135.58,"y":56.98,"curve":"stepped"},{"time":0.3333,"x":-135.58,"y":56.98},{"time":0.9,"x":-391.6,"y":402.22}]},"Arm R top2":{"rotate":[{"angle":23.26,"curve":"stepped"},{"time":0.3333,"angle":23.26},{"time":0.9,"angle":64.14}]},"Arm R bot2":{"rotate":[{"angle":74.03,"curve":"stepped"},{"time":0.3333,"angle":74.03},{"time":0.9,"angle":78.98}]},"Hip4":{"translate":[{"x":38.77,"y":-25.77,"curve":"stepped"},{"time":0.3333,"x":38.77,"y":-25.77},{"time":0.9,"x":292.52,"y":-78.81}]},"Shround L2":{"rotate":[{"curve":0.356,"c2":0.12,"c3":0.606,"c4":0.91},{"time":0.3333,"angle":-1.37}]},"Shround L3":{"rotate":[{"curve":0.356,"c2":0.12,"c3":0.606,"c4":0.91},{"time":0.3333,"angle":-1.37}]},"Shround L4":{"rotate":[{"curve":0.356,"c2":0.12,"c3":0.606,"c4":0.91},{"time":0.3333,"angle":-1.37}]},"Shround L5":{"rotate":[{"curve":0.356,"c2":0.12,"c3":0.606,"c4":0.91},{"time":0.3333,"angle":-1.37}]},"shround R2":{"rotate":[{"curve":0.356,"c2":0.12,"c3":0.606,"c4":0.91},{"time":0.3333,"angle":-7.11}]},"shround R3":{"rotate":[{"curve":0.356,"c2":0.12,"c3":0.606,"c4":0.91},{"time":0.3333,"angle":-7.11}]},"shround R4":{"rotate":[{"curve":0.356,"c2":0.12,"c3":0.606,"c4":0.91},{"time":0.3333,"angle":-7.11}]},"shround R5":{"rotate":[{"curve":0.356,"c2":0.12,"c3":0.606,"c4":0.91},{"time":0.3333,"angle":-7.11}]},"Skrit Front":{"rotate":[{},{"time":0.4,"angle":-3.68},{"time":0.8333,"angle":5.32},{"time":0.9,"angle":3.62}]},"Skrit Front2":{"rotate":[{},{"time":0.4,"angle":-3.68},{"time":0.8333,"angle":6.75},{"time":0.9,"angle":5.05}]},"Skrit Front3":{"rotate":[{},{"time":0.4,"angle":-12.34},{"time":0.8333,"angle":3.76},{"time":0.9,"angle":2.06}]},"Skrit Front4":{"rotate":[{},{"time":0.4,"angle":-5.89},{"time":0.8333,"angle":-9.35},{"time":0.9,"angle":-17.8}]},"Skrit Front5":{"rotate":[{},{"time":0.4,"angle":-2.24},{"time":0.8333,"angle":3.76},{"time":0.9,"angle":2.06}]},"Skrit Front6":{"rotate":[{},{"time":0.4,"angle":-5.84},{"time":0.8333,"angle":3.76},{"time":0.9,"angle":2.06}]},"Skrit Front7":{"rotate":[{},{"time":0.4,"angle":-5.66},{"time":0.8333,"angle":3.76},{"time":0.9,"angle":2.06}]},"Skrit Front8":{"rotate":[{},{"time":0.4,"angle":-7.05},{"time":0.8333,"angle":-1.23},{"time":0.9,"angle":-2.93}]},"Skrit Front9":{"rotate":[{},{"time":0.4,"angle":-5.66},{"time":0.8333,"angle":3.76},{"time":0.9,"angle":2.06}]},"Skrit Front10":{"rotate":[{},{"time":0.4,"angle":-4.83},{"time":0.8333,"angle":6.75},{"time":0.9,"angle":5.05}]},"Skirt L":{"rotate":[{"curve":0.356,"c2":0.12,"c3":0.606,"c4":0.91},{"time":0.3333,"angle":0.49}]},"Skirt L2":{"rotate":[{"curve":0.356,"c2":0.12,"c3":0.606,"c4":0.91},{"time":0.3333,"angle":0.66}]},"Skirt L3":{"rotate":[{"curve":0.356,"c2":0.12,"c3":0.606,"c4":0.91},{"time":0.3333,"angle":0.66}]},"Skirt L4":{"rotate":[{"curve":0.356,"c2":0.12,"c3":0.606,"c4":0.91},{"time":0.3333,"angle":0.66}]},"Skirt L5":{"rotate":[{"curve":0.356,"c2":0.12,"c3":0.606,"c4":0.91},{"time":0.3333,"angle":0.66}]},"Skirt L6":{"rotate":[{"curve":0.356,"c2":0.12,"c3":0.606,"c4":0.91},{"time":0.3333,"angle":0.66}]},"Skirt L7":{"rotate":[{"curve":0.356,"c2":0.12,"c3":0.606,"c4":0.91},{"time":0.3333,"angle":0.66}]},"Skirt L8":{"rotate":[{"curve":0.356,"c2":0.12,"c3":0.606,"c4":0.91},{"time":0.3333,"angle":0.66}]},"Skirt L9":{"rotate":[{"curve":0.356,"c2":0.12,"c3":0.606,"c4":0.91},{"time":0.3333,"angle":0.66}]},"Skirt L10":{"rotate":[{"curve":0.356,"c2":0.12,"c3":0.606,"c4":0.91},{"time":0.3333,"angle":0.66}]},"bone":{"translate":[{},{"time":0.1667,"x":144},{"time":0.6667,"x":936}],"scale":[{"time":0.1667},{"time":0.6667,"x":2.44}]}}},"walk":{"bones":{"Hip":{"rotate":[{"angle":5.22}],"translate":[{"x":-27.68},{"time":0.1667,"x":-27.68,"y":-53.82},{"time":0.3333,"x":-27.68},{"time":0.5,"x":-27.68,"y":34.88},{"time":0.6667,"x":-27.68},{"time":0.8333,"x":-27.68,"y":-53.82},{"time":1,"x":-27.68},{"time":1.1667,"x":-27.68,"y":34.88},{"time":1.3333,"x":-27.68}]},"gun":{"rotate":[{"angle":5.22},{"time":0.2,"angle":3.33},{"time":0.3667,"angle":5.22,"curve":"stepped"},{"time":0.7,"angle":5.22},{"time":0.8667,"angle":3.33},{"time":1.0333,"angle":5.22}],"translate":[{"x":-27.68},{"time":0.2,"x":-27.68,"y":-73.03},{"time":0.3667,"x":-27.68},{"time":0.5333,"x":-27.68,"y":60},{"time":0.7,"x":-27.68},{"time":0.8667,"x":-27.68,"y":-73.03},{"time":1.0333,"x":-27.68},{"time":1.2,"x":-27.68,"y":60},{"time":1.3333,"x":-27.68}]},"Foot R":{"rotate":[{"angle":-11.19},{"time":0.6667,"angle":40.17},{"time":1,"angle":77.38},{"time":1.3333,"angle":-11.19}],"translate":[{"x":-126.53},{"time":0.3333,"x":245.15},{"time":0.6667,"x":403.26,"y":115.5},{"time":1,"x":232.02,"y":259.46},{"time":1.3333,"x":-126.53}]},"Skrit Front3":{"rotate":[{"angle":-8.74}]},"Skrit Front4":{"rotate":[{"angle":-4.01},{"time":0.2333,"angle":10.31},{"time":0.6667,"angle":-4.01},{"time":1.0667,"angle":10.31},{"time":1.3333,"angle":-4.01}]},"Skrit Front5":{"rotate":[{"angle":-3.62},{"time":0.2333,"angle":1.94},{"time":0.6667,"angle":-3.62},{"time":1.0667,"angle":1.94},{"time":1.3333,"angle":-3.62}]},"Foot L":{"rotate":[{"angle":39.92},{"time":0.3333,"angle":71.46},{"time":0.6667,"angle":-18.66},{"time":1.3333,"angle":39.92}],"translate":[{"x":84.49,"y":71.32},{"time":0.1667,"x":-52.21,"y":65.16},{"time":0.3333,"x":-188.9,"y":174.92},{"time":0.6667,"x":-491.11,"y":33.58},{"time":1.3333,"x":84.49,"y":71.32}]},"Skrit Front6":{"rotate":[{},{"time":0.2333,"angle":1.71},{"time":0.6667},{"time":1.0667,"angle":1.71},{"time":1.3333}]},"Skirt L3":{"rotate":[{},{"time":0.6667,"angle":-1.86},{"time":1.3333}]},"Skirt L5":{"rotate":[{},{"time":0.3333,"angle":3.61},{"time":0.6667,"angle":-1.86},{"time":1,"angle":3.61},{"time":1.3333}]},"Skirt L10":{"rotate":[{},{"time":0.3333,"angle":3.61},{"time":0.6667,"angle":-1.86},{"time":1,"angle":3.61},{"time":1.3333}]},"Skirt L9":{"rotate":[{},{"time":0.3333,"angle":3.61},{"time":0.6667,"angle":-1.86},{"time":1,"angle":3.61},{"time":1.3333}]},"Skirt L8":{"rotate":[{},{"time":0.3333,"angle":3.61},{"time":0.6667,"angle":-1.86},{"time":1,"angle":3.61},{"time":1.3333}]},"Skirt L7":{"rotate":[{},{"time":0.3333,"angle":3.61},{"time":0.6667,"angle":-1.86},{"time":1,"angle":3.61},{"time":1.3333}]},"Skirt L6":{"rotate":[{},{"time":0.3333,"angle":3.61},{"time":0.6667,"angle":-1.86},{"time":1,"angle":3.61},{"time":1.3333}]},"Skirt L4":{"rotate":[{},{"time":0.3333,"angle":3.61},{"time":0.6667,"angle":-1.86},{"time":1,"angle":3.61},{"time":1.3333}]},"Skirt L2":{"rotate":[{},{"time":0.6667,"angle":-1.86},{"time":1.3333}]},"Skirt L":{"rotate":[{},{"time":0.6667,"angle":-1.86},{"time":1.3333}]},"Mask front":{"rotate":[{"angle":-1.24},{"time":0.3333,"angle":0.11},{"time":0.6667,"angle":-1.24},{"time":1,"angle":0.11},{"time":1.3333,"angle":-1.24}]},"Mask front10":{"rotate":[{"angle":-1.24},{"time":0.3333,"angle":0.11},{"time":0.6667,"angle":-1.24},{"time":1,"angle":0.11},{"time":1.3333,"angle":-1.24}]},"Mask front9":{"rotate":[{"angle":-1.24},{"time":0.3333,"angle":0.11},{"time":0.6667,"angle":-1.24},{"time":1,"angle":0.11},{"time":1.3333,"angle":-1.24}]},"Mask front8":{"rotate":[{"angle":-1.24},{"time":0.3333,"angle":0.11},{"time":0.6667,"angle":-1.24},{"time":1,"angle":0.11},{"time":1.3333,"angle":-1.24}]},"Mask front7":{"rotate":[{"angle":-1.24},{"time":0.3333,"angle":0.11},{"time":0.6667,"angle":-1.24},{"time":1,"angle":0.11},{"time":1.3333,"angle":-1.24}]},"Mask front6":{"rotate":[{"angle":-1.24},{"time":0.3333,"angle":0.11},{"time":0.6667,"angle":-1.24},{"time":1,"angle":0.11},{"time":1.3333,"angle":-1.24}]},"Mask front5":{"rotate":[{"angle":-1.24},{"time":0.3333,"angle":0.11},{"time":0.6667,"angle":-1.24},{"time":1,"angle":0.11},{"time":1.3333,"angle":-1.24}]},"Mask front4":{"rotate":[{"angle":-1.24},{"time":0.3333,"angle":0.11},{"time":0.6667,"angle":-1.24},{"time":1,"angle":0.11},{"time":1.3333,"angle":-1.24}]},"Mask front3":{"rotate":[{"angle":-1.24},{"time":0.3333,"angle":0.11},{"time":0.6667,"angle":-1.24},{"time":1,"angle":0.11},{"time":1.3333,"angle":-1.24}]},"Mask front2":{"rotate":[{"angle":-1.24},{"time":0.3333,"angle":0.11},{"time":0.6667,"angle":-1.24},{"time":1,"angle":0.11},{"time":1.3333,"angle":-1.24}]},"Mask back10":{"rotate":[{"angle":-1.24},{"time":0.3333,"angle":0.11},{"time":0.6667,"angle":-1.24},{"time":1,"angle":0.11},{"time":1.3333,"angle":-1.24}]},"Mask back9":{"rotate":[{"angle":-1.24},{"time":0.3333,"angle":0.11},{"time":0.6667,"angle":-1.24},{"time":1,"angle":0.11},{"time":1.3333,"angle":-1.24}]},"Mask back8":{"rotate":[{"angle":-1.24},{"time":0.3333,"angle":0.11},{"time":0.6667,"angle":-1.24},{"time":1,"angle":0.11},{"time":1.3333,"angle":-1.24}]},"Mask back7":{"rotate":[{"angle":-1.24},{"time":0.3333,"angle":0.11},{"time":0.6667,"angle":-1.24},{"time":1,"angle":0.11},{"time":1.3333,"angle":-1.24}]},"Mask back6":{"rotate":[{"angle":-1.24},{"time":0.3333,"angle":0.11},{"time":0.6667,"angle":-1.24},{"time":1,"angle":0.11},{"time":1.3333,"angle":-1.24}]},"Mask back5":{"rotate":[{"angle":-1.24},{"time":0.3333,"angle":0.11},{"time":0.6667,"angle":-1.24},{"time":1,"angle":0.11},{"time":1.3333,"angle":-1.24}]},"Mask back4":{"rotate":[{"angle":-1.24},{"time":0.3333,"angle":0.11},{"time":0.6667,"angle":-1.24},{"time":1,"angle":0.11},{"time":1.3333,"angle":-1.24}]},"Mask back3":{"rotate":[{"angle":-1.24},{"time":0.3333,"angle":0.11},{"time":0.6667,"angle":-1.24},{"time":1,"angle":0.11},{"time":1.3333,"angle":-1.24}]},"Mask back2":{"rotate":[{"angle":-1.24},{"time":0.3333,"angle":0.11},{"time":0.6667,"angle":-1.24},{"time":1,"angle":0.11},{"time":1.3333,"angle":-1.24}]},"Mask back":{"rotate":[{"angle":-1.24},{"time":0.3333,"angle":0.11},{"time":0.6667,"angle":-1.24},{"time":1,"angle":0.11},{"time":1.3333,"angle":-1.24}]},"Shround L":{"rotate":[{"angle":-0.6},{"time":0.3333,"angle":-3.3},{"time":0.6667,"angle":-0.6},{"time":1,"angle":-3.3},{"time":1.3333,"angle":-0.6}]},"Shround L5":{"rotate":[{"angle":-0.6},{"time":0.3333,"angle":-3.3},{"time":0.6667,"angle":-0.6},{"time":1,"angle":-3.3},{"time":1.3333,"angle":-0.6}]},"Shround L4":{"rotate":[{"angle":-0.6},{"time":0.3333,"angle":-3.3},{"time":0.6667,"angle":-0.6},{"time":1,"angle":-3.3},{"time":1.3333,"angle":-0.6}]},"Shround L3":{"rotate":[{"angle":-0.6},{"time":0.3333,"angle":-3.3},{"time":0.6667,"angle":-0.6},{"time":1,"angle":-3.3},{"time":1.3333,"angle":-0.6}]},"Shround L2":{"rotate":[{"angle":-0.6},{"time":0.3333,"angle":-3.3},{"time":0.6667,"angle":-0.6},{"time":1,"angle":-3.3},{"time":1.3333,"angle":-0.6}]},"shround R":{"rotate":[{},{"time":0.3333,"angle":2.17},{"time":0.6667},{"time":1,"angle":2.17},{"time":1.3333}]},"shround R5":{"rotate":[{},{"time":0.3333,"angle":2.17},{"time":0.6667},{"time":1,"angle":2.17},{"time":1.3333}]},"shround R4":{"rotate":[{},{"time":0.3333,"angle":2.17},{"time":0.6667},{"time":1,"angle":2.17},{"time":1.3333}]},"shround R3":{"rotate":[{},{"time":0.3333,"angle":2.17},{"time":0.6667},{"time":1,"angle":2.17},{"time":1.3333}]},"shround R2":{"rotate":[{},{"time":0.3333,"angle":2.17},{"time":0.6667},{"time":1,"angle":2.17},{"time":1.3333}]},"bone":{"scale":[{},{"time":0.1667,"x":1.12},{"time":0.5},{"time":0.8333,"x":1.12},{"time":1.3333}]}}}}}