{"skeleton":{"hash":"m8dn7ukUUS//ZauhffYkdayQs6w","spine":"3.8.75","x":-1214.65,"y":-1865.93,"width":2949.7,"height":3656.8,"images":"","audio":"F:/Project senior/Enemy melee sprite"},"bones":[{"name":"root"},{"name":"hip","parent":"root","x":-5.89,"y":-825.02},{"name":"Leg top R","parent":"hip","length":353.49,"rotation":-111.29,"x":-222.68,"y":-83.39},{"name":"Leg bot R","parent":"Leg top R","length":324.68,"rotation":8.97,"x":358.82,"y":0.27},{"name":"foot R","parent":"root","length":170.33,"rotation":-112.75,"x":-448.41,"y":-1549.83,"color":"ff3f00ff"},{"name":"Leg top L","parent":"hip","length":351.68,"rotation":-67.37,"x":194.2,"y":-58.16},{"name":"Leg bot L","parent":"Leg top L","length":331.6,"rotation":-6.13,"x":348.84,"y":2.8},{"name":"Foot L","parent":"root","length":162.22,"rotation":-75.53,"x":415.72,"y":-1515.21,"color":"ff3f00ff"},{"name":"body","parent":"hip","length":158.8,"rotation":89.39,"x":1.05,"y":22.57},{"name":"body3","parent":"body","length":158.8,"x":317.61},{"name":"body4","parent":"body3","length":158.8,"x":158.8},{"name":"body5","parent":"body4","length":158.8,"x":158.8},{"name":"top arm R","parent":"body5","length":272.3,"rotation":145.96,"x":68.53,"y":332.43},{"name":"bot arm R","parent":"top arm R","length":288.26,"rotation":-3.92,"x":272.11,"y":-0.22},{"name":"hand L","parent":"root","length":143.65,"rotation":-26.8,"x":621.05,"y":-438.21,"color":"ff3f00ff"},{"name":"bone14","parent":"hand L","length":1153.72,"rotation":35.08,"x":-256.83,"y":-266.9},{"name":"hand R","parent":"bone14","length":223.32,"rotation":-109.76,"x":-936.19,"y":136.32,"color":"ff3f00ff"},{"name":"top arm L","parent":"body5","length":361.53,"rotation":-125.48,"x":12.04,"y":-202.53},{"name":"bot arm L","parent":"top arm L","length":160.91,"rotation":3.63,"x":358.21,"y":-1.57},{"name":"face","parent":"body5","length":1118.9,"rotation":-7.42,"x":142.44,"y":-2.24},{"name":"body2","parent":"body","length":158.8,"x":158.8},{"name":"bone","parent":"root","x":-8.2,"y":-1722.1}],"slots":[{"name":"Ellipse 1 copy","bone":"root","attachment":"Ellipse 1 copy"},{"name":"arm top L","bone":"root","attachment":"arm top L"},{"name":"arm bot L","bone":"root","attachment":"arm bot L"},{"name":"Leg top L","bone":"root","attachment":"Leg top L"},{"name":"head","bone":"root","attachment":"head"},{"name":"Leg top R","bone":"root","attachment":"Leg top R"},{"name":"Body","bone":"root","attachment":"Body"},{"name":"Hip","bone":"root","attachment":"Hip"},{"name":"Leg bot L","bone":"root","attachment":"Leg bot L"},{"name":"Foot L","bone":"root","attachment":"Foot L"},{"name":"Leg bot R","bone":"root","attachment":"Leg bot R"},{"name":"Foot R","bone":"root","attachment":"Foot R"},{"name":"weapon","bone":"root","attachment":"weapon"},{"name":"hand L","bone":"root","attachment":"hand L"},{"name":"arm top R","bone":"root","attachment":"arm top R"},{"name":"arm bot R","bone":"root","attachment":"arm bot R"},{"name":"hand R","bone":"root","attachment":"hand R"},{"name":"arm R ex","bone":"root","attachment":"arm R ex"}],"ik":[{"name":"Foot L","order":2,"bones":["Leg top L","Leg bot L"],"target":"Foot L","bendPositive":false,"stretch":true},{"name":"foot R","order":3,"bones":["Leg top R","Leg bot R"],"target":"foot R","bendPositive":false,"stretch":true},{"name":"hand L","bones":["top arm L","bot arm L"],"target":"hand L","softness":34.1,"stretch":true},{"name":"hand R","order":1,"bones":["top arm R","bot arm R"],"target":"hand R","softness":34.1,"stretch":true}],"skins":[{"name":"default","attachments":{"Foot R":{"Foot R":{"type":"mesh","uvs":[1,1,0,1,0,0,1,0],"triangles":[1,2,3,1,3,0],"vertices":[1,4,94.7,238.14,1,1,4,242.82,-115.06,1,1,4,-115.26,-233.62,1,1,4,-234.38,71.01,1],"hull":4,"edges":[0,2,2,4,4,6,0,6],"width":383,"height":373}},"Leg bot L":{"Leg bot L":{"type":"mesh","uvs":[0,0.31879,0.05687,0.46694,0.1349,0.67024,0.19116,0.81681,0.26148,1,0.53973,1,1,1,1,0.74547,1,0.5837,1,0.44539,1,0.25315,1,0,0.3611,0,0,0.06559],"triangles":[0,12,11,0,13,12,10,0,11,1,0,10,9,1,10,2,1,9,8,2,9,3,2,8,7,3,8,4,3,7,5,4,7,5,7,6],"vertices":[1,6,-16.29,-191,1,1,6,80.61,-194.08,1,1,6,213.57,-198.31,1,1,6,309.44,-201.35,1,1,6,429.24,-205.16,1,1,6,463.38,-89.91,1,1,6,519.86,100.74,1,1,6,365.37,146.5,1,1,6,267.19,175.58,1,1,6,183.24,200.45,1,1,6,66.56,235.01,1,1,6,-87.08,280.52,1,1,6,-165.47,15.88,1,1,6,-169.96,-145.48,1],"hull":14,"edges":[8,10,10,12,22,24,24,26,0,26,0,22,12,14,8,14,14,16,6,8,16,6,4,6,16,18,4,18,18,20,20,22,0,2,2,4,20,2],"width":432,"height":633}},"Body":{"Body":{"type":"mesh","uvs":[0.18664,0.82025,0.18819,0.67291,0.18954,0.54549,0.19081,0.42447,0.19216,0.29688,0.19371,0.14992,0.19529,0,1,0,1,0.16944,1,0.27735,1,0.42777,1,0.55857,1,0.66322,1,0.82672,1,1,0.18474,1],"triangles":[0,1,13,0,13,14,15,0,14,1,12,13,3,4,10,2,3,10,11,2,10,2,11,12,1,2,12,5,6,7,8,5,7,5,8,9,4,5,9,4,9,10],"vertices":[5,11,-437.54,471.22,0.00226,10,-278.74,471.22,0.05369,9,-119.94,471.22,0.34252,20,38.87,471.22,0.26942,8,197.67,471.22,0.33211,5,11,-318.1,467.29,0.02232,10,-159.3,467.29,0.12903,9,-0.5,467.29,0.41517,20,158.31,467.29,0.21681,8,317.11,467.29,0.21667,5,11,-214.81,463.9,0.07447,10,-56.01,463.9,0.21879,9,102.8,463.9,0.43546,20,261.6,463.9,0.14496,8,420.4,463.9,0.12633,5,11,-116.71,460.67,0.16681,10,42.09,460.67,0.29257,9,200.89,460.67,0.39525,20,359.7,460.67,0.08026,8,518.5,460.67,0.0651,5,11,-13.28,457.27,0.30718,10,145.52,457.27,0.32211,9,304.33,457.27,0.31098,20,463.13,457.27,0.03322,8,621.93,457.27,0.0265,5,11,105.85,453.35,0.46965,10,264.65,453.35,0.297,9,423.45,453.35,0.22037,20,582.26,453.35,0.00708,8,741.06,453.35,0.00589,5,11,227.38,449.35,0.54445,10,386.18,449.35,0.27292,9,544.98,449.35,0.18237,20,703.79,449.35,7.0E-5,8,862.59,449.35,1.9E-4,4,11,211.35,-360.03,0.97584,10,370.15,-360.03,0.01052,9,528.96,-360.03,0.01317,20,687.76,-360.03,4.6E-4,4,11,73.96,-357.31,0.86217,10,232.76,-357.31,0.06263,9,391.57,-357.31,0.05876,20,550.37,-357.31,0.01644,5,11,-13.54,-355.57,0.68582,10,145.27,-355.57,0.12299,9,304.07,-355.58,0.13954,20,462.87,-355.57,0.05086,8,621.68,-355.58,7.8E-4,5,11,-135.51,-353.16,0.39615,10,23.3,-353.16,0.14956,9,182.1,-353.16,0.28796,20,340.9,-353.16,0.14857,8,499.71,-353.16,0.01776,5,11,-241.56,-351.06,0.20002,10,-82.76,-351.06,0.0941,9,76.04,-351.06,0.3488,20,234.84,-351.06,0.28145,8,393.65,-351.06,0.07562,5,11,-326.41,-349.38,0.09975,10,-167.61,-349.38,0.04338,9,-8.81,-349.38,0.30464,20,150,-349.38,0.37763,8,308.8,-349.38,0.1746,5,11,-458.99,-346.75,0.02194,10,-300.18,-346.75,0.00517,9,-141.38,-346.75,0.15626,20,17.42,-346.75,0.3904,8,176.23,-346.75,0.42624,4,11,-599.49,-343.97,0.00115,9,-281.88,-343.97,0.07911,20,-123.08,-343.97,0.31671,8,35.72,-343.97,0.60303,4,10,-424.45,476.02,0.02104,9,-265.65,476.02,0.29033,20,-106.84,476.02,0.28489,8,51.96,476.02,0.40374],"hull":16,"edges":[12,14,28,30,12,10,14,16,10,16,16,18,10,8,18,8,8,6,18,20,6,20,20,22,6,4,22,4,4,2,22,24,2,24,24,26,26,28,2,0,0,30,26,0],"width":1006,"height":811}},"arm top R":{"arm top R":{"type":"mesh","uvs":[0.42197,0.13015,0.3317,0.24146,0.22247,0.37615,0.11501,0.50864,0,0.65045,0,0.83851,0.18499,1,0.46779,1,0.59445,0.84438,0.71164,0.70041,0.81486,0.5736,0.93064,0.43135,1,0.34614,1,0.15124,0.81431,0,0.52753,0],"triangles":[14,13,12,15,14,12,12,0,15,11,0,12,11,1,0,10,1,11,2,1,10,9,2,10,3,2,9,5,4,6,3,8,4,9,8,3,4,7,6,4,8,7],"vertices":[1,12,-13.1,-135.82,1,1,12,61.58,-138.35,1,1,12,151.96,-141.42,1,1,12,240.86,-144.43,1,1,12,336.02,-147.65,1,1,12,423.01,-91.36,1,1,12,450.19,30.44,1,1,12,377.52,142.74,1,1,12,272.98,146.46,1,1,12,176.26,149.91,1,1,12,91.08,152.94,1,1,12,-4.47,156.34,1,1,12,-61.72,158.37,1,1,12,-151.88,100.03,1,1,12,-174.13,-18.98,1,1,12,-100.44,-132.86,1],"hull":16,"edges":[8,10,10,12,12,14,24,26,26,28,28,30,8,14,30,24,22,24,0,30,22,0,0,2,20,22,2,20,18,20,2,4,18,4,4,6,6,8,14,16,16,18,6,16],"width":473,"height":551}},"arm R ex":{"arm R ex":{"type":"mesh","uvs":[1,1,0,1,0,0,1,0],"triangles":[1,2,3,1,3,0],"vertices":[1,11,-19.26,116.63,1,1,11,-13.5,407.57,1,1,11,285.44,401.66,1,1,11,279.68,110.71,1],"hull":4,"edges":[0,2,2,4,4,6,0,6],"width":291,"height":299}},"Leg bot R":{"Leg bot R":{"type":"mesh","uvs":[0.20503,0,0.11689,0.21357,0.06617,0.33647,0,0.4968,0,0.77978,0,0.8782,0,0.93767,0.3162,1,0.65272,0.99918,0.70675,0.8987,0.81613,0.69524,0.86699,0.60066,0.93692,0.47059,1,0.35326,1,0.04568,0.62868,0],"triangles":[15,14,13,0,15,13,13,1,0,12,1,13,2,1,12,11,2,12,3,2,11,10,3,11,4,3,10,9,5,4,10,9,4,5,7,6,9,8,5,8,7,5],"vertices":[1,3,-146.64,-188.83,1,1,3,-28.13,-192.17,1,1,3,51.88,-185.64,1,1,3,157.13,-191.91,1,1,3,332.13,-153.7,1,1,3,393,-140.4,1,1,3,429.78,-132.37,1,1,3,439.18,9.5,1,1,3,407.66,151.42,1,1,3,340.54,160.65,1,1,3,204.64,179.34,1,1,3,141.45,188.03,1,1,3,54.57,196.64,1,1,3,-24.81,192.74,1,1,3,-209.56,142.19,1,1,3,-192.44,-24.64,1],"hull":16,"edges":[12,14,14,16,26,28,28,30,0,30,0,26,24,26,0,2,24,2,2,4,4,6,22,24,4,22,20,22,20,6,6,8,16,18,18,20,8,18,8,10,10,12,16,10],"width":432,"height":633}},"Hip":{"Hip":{"type":"mesh","uvs":[1,1,0,1,0,0,1,0],"triangles":[1,2,3,1,3,0],"vertices":[1,1,400.58,-226.58,1,1,1,-428.76,-208.25,1,1,1,-448.75,197.09,1,1,1,397.25,197.09,1],"hull":4,"edges":[0,2,2,4,4,6,0,6],"width":846,"height":437}},"Leg top L":{"Leg top L":{"type":"mesh","uvs":[0,0.33048,0.04428,0.41554,0.10858,0.53908,0.16423,0.64599,0.23241,0.77696,0.34529,0.9938,0.71303,1,1,0.87662,1,0.62676,0.95676,0.54962,0.88774,0.42649,0.82508,0.31471,0.77296,0.22172,0.68892,0.07178,0.48696,0,0,0],"triangles":[0,15,14,0,14,13,12,1,0,12,0,13,2,1,12,2,12,11,2,11,10,3,2,10,3,10,9,4,3,9,4,9,8,5,4,8,8,6,5,7,6,8],"vertices":[1,5,-9.93,-181.07,1,1,5,50.87,-182.91,1,1,5,139.16,-185.58,1,1,5,215.57,-187.89,1,1,5,309.18,-190.72,1,1,5,464.16,-195.4,1,1,5,537.31,-30.67,1,1,5,515.34,130.83,1,1,5,361.29,195.05,1,1,5,305.57,195.32,1,1,5,216.65,195.75,1,1,5,135.91,196.14,1,1,5,68.75,196.47,1,1,5,-39.54,197,1,1,5,-121.88,124.11,1,1,5,-213.69,-96.13,1],"hull":16,"edges":[10,12,12,14,14,16,26,28,28,30,0,30,0,26,24,26,0,2,24,2,2,4,22,24,4,22,20,22,4,6,20,6,6,8,8,10,16,18,18,20,8,18,16,10],"width":490,"height":668}},"Leg top R":{"Leg top R":{"type":"mesh","uvs":[0,0.77569,0,0.65572,0.11608,0.44513,0.19749,0.29746,0.28667,0.13568,0.36146,0,0.63403,0,1,0.0759,1,0.21586,1,0.37359,0.92363,0.5043,0.82526,0.67268,0.72955,0.8365,0.63403,1,0.34026,1,0,0.86233],"triangles":[6,7,8,5,6,8,4,5,8,9,4,8,3,4,9,10,3,9,11,3,10,2,3,11,12,1,2,12,0,1,2,11,12,14,15,0,0,13,14,12,13,0],"vertices":[1,2,414.94,-148.53,1,1,2,340.27,-177.63,1,1,2,188.55,-175.72,1,1,2,82.15,-174.37,1,1,2,-34.41,-172.9,1,1,2,-132.16,-171.67,1,1,2,-180.66,-47.23,1,1,2,-198.55,138.27,1,1,2,-111.44,172.22,1,1,2,-13.27,210.48,1,1,2,81.68,207.32,1,1,2,203.98,203.26,1,1,2,322.98,199.3,1,1,2,441.73,195.35,1,1,2,494.01,61.23,1,1,2,468.87,-127.51,1],"hull":16,"edges":[10,12,12,14,14,16,16,18,26,28,28,30,10,16,8,10,8,18,18,20,6,8,20,6,2,4,4,6,20,22,4,22,22,24,24,26,24,2,2,0,0,30,26,0],"width":490,"height":668}},"hand L":{"hand L":{"type":"mesh","uvs":[1,1,0,1,0,0,1,0],"triangles":[1,2,3,1,3,0],"vertices":[1,14,408,-170.04,1,1,14,-82.9,-338.51,1,1,14,-251.69,153.33,1,1,14,239.21,321.8,1],"hull":4,"edges":[0,2,2,4,4,6,0,6],"width":519,"height":520}},"weapon":{"weapon":{"type":"mesh","uvs":[1,1,0,1,0,0,1,0],"triangles":[1,2,3,1,3,0],"vertices":[1,15,-1433.14,471.48,1,1,15,1404.83,484.87,1,1,15,1409.37,-478.12,1,1,15,-1428.6,-491.51,1],"hull":4,"edges":[0,2,2,4,4,6,0,6],"width":2838,"height":963}},"head":{"head":{"type":"mesh","uvs":[1,1,0,1,0,0,1,0],"triangles":[1,2,3,1,3,0],"vertices":[1,19,87.41,-1186.91,1,1,19,-149,960.11,1,1,19,1670.01,1160.4,1,1,19,1906.42,-986.63,1],"hull":4,"edges":[0,2,2,4,4,6,0,6],"width":2160,"height":1830}},"hand R":{"hand R":{"type":"mesh","uvs":[1,1,0,1,0,0,1,0],"triangles":[1,2,3,1,3,0],"vertices":[1,16,293.15,357.3,1,1,16,505.88,-132.49,1,1,16,64.7,-324.12,1,1,16,-148.04,165.68,1],"hull":4,"edges":[0,2,2,4,4,6,0,6],"width":534,"height":481}},"Ellipse 1 copy":{"Ellipse 1 copy":{"type":"mesh","uvs":[1,1,0,1,0,0,1,0],"triangles":[1,2,3,1,3,0],"vertices":[1,21,719.34,-143.83,1,1,21,-702.66,-143.83,1,1,21,-702.66,103.17,1,1,21,719.34,103.17,1],"hull":4,"edges":[0,2,2,4,4,6,0,6],"width":1422,"height":247}},"arm bot L":{"arm bot L":{"type":"mesh","uvs":[0.45994,0.92398,0.25632,0.80712,0,0.66002,0,0.26701,0.13504,0,0.44847,0,0.62823,0.10673,0.77778,0.19553,1,0.32748,1,0.5731,0.82588,1,0.5924,1],"triangles":[11,7,8,5,2,3,5,3,4,1,2,5,1,5,6,0,1,6,0,6,7,11,0,7,8,9,11,10,11,9],"vertices":[1,18,138.24,-120.49,1,1,18,57.49,-127.28,1,1,18,-44.17,-135.83,1,1,18,-104.99,-33.46,1,1,18,-104.76,60.79,1,1,18,-8.29,118.1,1,1,18,63.55,123.17,1,1,18,123.32,127.39,1,1,18,212.14,133.66,1,1,18,250.15,69.67,1,1,18,262.64,-73.37,1,1,18,190.78,-116.07,1],"hull":12,"edges":[4,6,6,8,8,10,16,18,18,20,20,22,16,22,0,22,14,16,0,14,10,12,12,14,0,2,2,4,12,2,10,4],"width":358,"height":303}},"arm bot R":{"arm bot R":{"type":"mesh","uvs":[0.32263,0.18084,0.19016,0.34856,0.09639,0.46729,0,0.58932,0,0.77528,0.18946,1,0.53077,1,0.62605,0.87832,0.73012,0.74541,0.86934,0.56763,1,0.40077,1,0.13216,0.80381,0,0.46547,0],"triangles":[12,11,10,13,12,10,10,0,13,9,0,10,1,0,9,8,1,9,2,1,8,6,4,3,6,3,7,8,7,2,6,5,4,3,2,7],"vertices":[1,13,87.2,-151.87,1,1,13,189.08,-147.74,1,1,13,261.2,-144.81,1,1,13,335.33,-141.8,1,1,13,409.9,-85.95,1,1,13,450.5,47.65,1,1,13,361.3,166.76,1,1,13,287.61,163.48,1,1,13,207.11,159.88,1,1,13,99.43,155.08,1,1,13,-1.63,150.57,1,1,13,-109.35,69.9,1,1,13,-111.07,-38.25,1,1,13,-22.65,-156.33,1],"hull":14,"edges":[6,8,8,10,10,12,20,22,22,24,24,26,6,12,20,26,0,26,18,20,0,18,16,18,0,2,16,2,2,4,4,6,12,14,14,16,4,14],"width":436,"height":501}},"Foot L":{"Foot L":{"type":"mesh","uvs":[1,1,0,1,0,0,1,0],"triangles":[1,2,3,1,3,0],"vertices":[1,7,267.72,144.02,1,1,7,172.01,-226.83,1,1,7,-189.15,-133.63,1,1,7,-93.45,237.22,1],"hull":4,"edges":[0,2,2,4,4,6,0,6],"width":383,"height":373}},"arm top L":{"arm top L":{"type":"mesh","uvs":[0,0.41543,0.11834,0.52497,0.23601,0.63389,0.32154,0.71306,0.46979,0.85028,0.59081,0.9623,0.63154,1,0.88561,1,1,0.85673,1,0.58906,0.87052,0.48199,0.73736,0.37188,0.59422,0.25352,0.50731,0.18165,0.40028,0.09315,0.28762,0,0.11411,0,0,0.16584],"triangles":[15,0,17,15,17,16,1,0,15,1,15,14,13,2,1,13,1,14,2,13,12,3,2,12,3,12,11,4,3,11,4,11,10,6,10,9,5,4,10,10,6,5,9,8,6,7,6,8],"vertices":[1,17,-25.38,-107.29,1,1,17,48.13,-112.51,1,1,17,121.24,-117.71,1,1,17,174.37,-121.48,1,1,17,266.46,-128.03,1,1,17,341.63,-133.37,1,1,17,366.94,-135.17,1,1,17,469.31,-65.22,1,1,17,481.61,15.72,1,1,17,418.49,108.1,1,1,17,341.08,109.4,1,1,17,261.45,110.75,1,1,17,175.87,112.19,1,1,17,123.9,113.06,1,1,17,59.9,114.14,1,1,17,-7.45,115.28,1,1,17,-77.36,67.51,1,1,17,-84.23,-21.15,1],"hull":18,"edges":[12,14,14,16,16,18,30,32,32,34,0,34,0,30,0,2,28,30,2,28,26,28,2,4,26,4,4,6,24,26,6,24,22,24,6,8,22,8,18,20,20,22,8,10,10,12,20,10,12,18],"width":488,"height":418}}}}],"animations":{"Attack":{"bones":{"hand L":{"rotate":[{"curve":0.281,"c3":0.548,"c4":0.68},{"time":0.3667,"angle":-19.24,"curve":"stepped"},{"time":0.5333,"angle":-19.24,"curve":0.294,"c2":0.6,"c3":0.623,"c4":0.99},{"time":0.8333,"angle":52.88,"curve":0.544,"c2":0.12,"c3":0.444,"c4":0.91},{"time":1.1,"angle":-28.38},{"time":1.2,"angle":-30.11},{"time":1.2667,"angle":-28.38},{"time":1.5}],"translate":[{"curve":0.281,"c3":0.548,"c4":0.68},{"time":0.3667,"x":18.11,"y":-380.55,"curve":0.307,"c2":0.46,"c3":0.638,"c4":0.81},{"time":0.5333,"x":18.11,"y":-293.56,"curve":0.307,"c2":0.46,"c3":0.638,"c4":0.81},{"time":0.8333,"x":-153.5,"y":650.99,"curve":0.544,"c2":0.12,"c3":0.444,"c4":0.91},{"time":1.1,"x":194.18,"y":-608.55},{"time":1.2,"x":189.29,"y":-657.39},{"time":1.2667,"x":194.18,"y":-608.55},{"time":1.5}]},"Leg top L":{"rotate":[{"angle":5.67}]},"hand R":{"rotate":[{"angle":10.16}],"translate":[{"x":24.47,"y":9.79,"curve":"stepped"},{"time":0.3333,"x":24.47,"y":9.79},{"time":0.3667,"x":46.91,"y":9.34},{"time":0.8333,"x":271.33,"y":4.81},{"time":1.5,"x":24.47,"y":9.79}]},"top arm R":{"rotate":[{"angle":-1.83,"curve":0.25,"c3":0.484,"c4":0.99},{"time":0.3333,"angle":-8.74},{"time":1.5,"angle":-1.83}]},"Foot L":{"translate":[{"curve":0.312,"c3":0.615,"c4":0.5},{"time":0.1667,"x":112.93,"y":82.19,"curve":0.257,"c2":0.5,"c3":0.57},{"time":0.3333,"x":173.88,"curve":"stepped"},{"time":1.3333,"x":173.88,"curve":0.25,"c3":0.484,"c4":0.99},{"time":1.5}]},"body2":{"rotate":[{"curve":0.25,"c3":0.484,"c4":0.99},{"time":0.3333,"angle":-4},{"time":0.8333,"angle":4.57,"curve":0.917,"c2":-0.03,"c3":0.075},{"time":1.1,"angle":-3.16},{"time":1.2,"angle":-4.35},{"time":1.2667,"angle":-3.16},{"time":1.5}]},"foot R":{"translate":[{"curve":0.332,"c3":0.66,"c4":0.38},{"time":0.0667,"x":-22.34,"y":64.89,"curve":0.318,"c2":0.26,"c3":0.646,"c4":0.61},{"time":0.1333,"x":-61.67,"y":0.03,"curve":0.248,"c2":0.44,"c3":0.55},{"time":0.3333,"x":-128.34,"curve":"stepped"},{"time":1.3333,"x":-128.34,"curve":0.25,"c3":0.484,"c4":0.99},{"time":1.5}]},"bot arm L":{"rotate":[{"angle":27.82}]},"body5":{"rotate":[{"curve":0.25,"c3":0.484,"c4":0.99},{"time":0.3333,"angle":-4},{"time":0.8333,"angle":4.57,"curve":0.917,"c2":-0.03,"c3":0.075},{"time":1.1,"angle":-3.16},{"time":1.2,"angle":-4.35},{"time":1.2667,"angle":-3.16},{"time":1.5}]},"Leg bot R":{"rotate":[{"angle":5.57,"curve":0.25,"c3":0.484,"c4":0.99},{"time":0.3333,"angle":-23.44},{"time":1.5,"angle":5.57}]},"body4":{"rotate":[{"curve":0.25,"c3":0.484,"c4":0.99},{"time":0.3333,"angle":-4},{"time":0.8333,"angle":4.57,"curve":0.917,"c2":-0.03,"c3":0.075},{"time":1.1,"angle":-3.16},{"time":1.2,"angle":-4.35},{"time":1.2667,"angle":-3.16},{"time":1.5}]},"body3":{"rotate":[{"curve":0.25,"c3":0.484,"c4":0.99},{"time":0.3333,"angle":-4},{"time":0.8333,"angle":4.57,"curve":0.917,"c2":-0.03,"c3":0.075},{"time":1.1,"angle":-3.16},{"time":1.2,"angle":-4.35},{"time":1.2667,"angle":-3.16},{"time":1.5}]},"Leg top R":{"rotate":[{"angle":-4.56,"curve":0.25,"c3":0.484,"c4":0.99},{"time":0.3333,"angle":9.22},{"time":1.5,"angle":-4.56}]},"hip":{"rotate":[{"time":0.3333},{"time":0.8333,"angle":7.27,"curve":0.917,"c2":-0.03,"c3":0.075},{"time":1.1,"angle":-19.21,"curve":"stepped"},{"time":1.2667,"angle":-19.21},{"time":1.5}],"translate":[{"curve":0.25,"c3":0.484,"c4":0.99},{"time":0.3333,"x":37.26,"y":-78.66},{"time":0.8333,"x":24.84,"y":-97.22,"curve":0.917,"c2":-0.03,"c3":0.075},{"time":1.1,"x":145.08,"y":-269.47,"curve":"stepped"},{"time":1.2667,"x":145.08,"y":-269.47},{"time":1.5}]},"Leg bot L":{"rotate":[{"angle":-11.82}]},"body":{"rotate":[{"curve":0.25,"c3":0.484,"c4":0.99},{"time":0.3333,"angle":-4},{"time":0.8333,"angle":4.57,"curve":0.917,"c2":-0.03,"c3":0.075},{"time":1.1,"angle":-3.16},{"time":1.2,"angle":-4.35},{"time":1.2667,"angle":-3.16},{"time":1.5}]},"bot arm R":{"rotate":[{"angle":3.88,"curve":0.25,"c3":0.484,"c4":0.99},{"time":0.3333,"angle":19.39},{"time":1.5,"angle":3.88}]},"top arm L":{"rotate":[{"angle":-7.34}]},"bone":{"scale":[{"curve":0.25,"c3":0.484,"c4":0.99},{"time":0.3333,"x":1.238,"curve":"stepped"},{"time":1.3333,"x":1.238},{"time":1.5}]}}},"Idle":{"bones":{"hand L":{"rotate":[{"curve":0.25,"c3":0.484,"c4":0.99},{"time":0.5,"angle":-3.51,"curve":0.25,"c3":0.484,"c4":0.99},{"time":1}],"translate":[{"curve":0.25,"c3":0.484,"c4":0.99},{"time":0.5,"x":14.68,"y":-48.94,"curve":0.25,"c3":0.484,"c4":0.99},{"time":1}]},"hip":{"rotate":[{"curve":0.25,"c3":0.484,"c4":0.99},{"time":0.5,"angle":-2.38,"curve":0.25,"c3":0.484,"c4":0.99},{"time":1}],"translate":[{"curve":0.25,"c3":0.484,"c4":0.99},{"time":0.5,"y":-4.89,"curve":0.25,"c3":0.484,"c4":0.99},{"time":1}]},"Leg top R":{"rotate":[{"angle":-4.56}]},"Leg bot R":{"rotate":[{"angle":5.57}]},"Leg top L":{"rotate":[{"angle":5.67}]},"Leg bot L":{"rotate":[{"angle":-11.82}]},"top arm R":{"rotate":[{"angle":-1.83}]},"bot arm R":{"rotate":[{"angle":3.88}]},"hand R":{"rotate":[{"angle":10.16}],"translate":[{"x":24.47,"y":9.79,"curve":0.25,"c3":0.484,"c4":0.99},{"time":0.5,"x":39.15,"y":48.94,"curve":0.25,"c3":0.484,"c4":0.99},{"time":1,"x":24.47,"y":9.79}]},"top arm L":{"rotate":[{"angle":-7.34}]},"bot arm L":{"rotate":[{"angle":27.82}]},"face":{"rotate":[{"curve":0.312,"c3":0.615,"c4":0.5},{"time":0.5,"angle":-1.63,"curve":0.257,"c2":0.5,"c3":0.57},{"time":1}]}}},"Walk":{"bones":{"bot arm R":{"rotate":[{"angle":3.88}]},"Leg top R":{"rotate":[{"angle":-4.56}]},"Leg bot L":{"rotate":[{"angle":-11.82}]},"hand L":{"rotate":[{"angle":-5.95},{"time":0.3333,"angle":-0.46},{"time":0.6667,"angle":-5.95},{"time":1,"angle":-0.46},{"time":1.3333,"angle":-5.95}],"translate":[{"x":20.74,"y":-33.18},{"time":0.3333,"x":99.04,"y":96.41},{"time":0.6667,"x":20.74,"y":-33.18},{"time":1,"x":99.04,"y":96.41},{"time":1.3333,"x":20.74,"y":-33.18}]},"top arm L":{"rotate":[{"angle":-7.34}]},"hand R":{"rotate":[{"angle":10.16}],"translate":[{"x":24.47,"y":9.79}]},"Foot L":{"rotate":[{"angle":30.49},{"time":0.1667,"angle":-0.45},{"time":0.3333,"angle":-14.48},{"time":0.6667,"angle":-40.26},{"time":0.8333,"angle":-73.28},{"time":1,"angle":-90.89},{"time":1.1667,"angle":-49.8},{"time":1.3333,"angle":30.49}],"translate":[{"x":89.71,"y":2.14},{"time":0.1667,"x":-242.86,"y":1},{"time":0.3333,"x":-327.54,"y":-48.67},{"time":0.6667,"x":-565.51,"y":48.42},{"time":1,"x":-191.71,"y":234.47},{"time":1.1667,"x":36,"y":106.3},{"time":1.3333,"x":89.71,"y":2.14}]},"face":{"rotate":[{"angle":-0.32}]},"Leg top L":{"rotate":[{"angle":5.67}]},"Leg bot R":{"rotate":[{"angle":5.57}]},"hip":{"rotate":[{"angle":-3.05,"curve":"stepped"},{"time":0.6667,"angle":-3.05},{"time":1,"angle":-4.02},{"time":1.3333,"angle":-3.05}],"translate":[{"x":10.14,"y":-20.28},{"time":0.1667,"x":67.83,"y":4.8},{"time":0.3333,"x":18.73,"y":29.88},{"time":0.6667,"x":10.14,"y":-20.28},{"time":1,"x":64.84,"y":49.66},{"time":1.3333,"x":10.14,"y":-20.28}]},"bot arm L":{"rotate":[{"angle":27.82}]},"foot R":{"rotate":[{"angle":41.17},{"time":0.1667,"angle":-29.01},{"time":0.3333,"angle":0.46},{"time":0.5,"angle":79.6},{"time":0.6667,"angle":48.44},{"time":1,"angle":42.31},{"time":1.3333,"angle":41.17}],"translate":[{"x":40.2,"y":-14.39},{"time":0.1667,"x":112.54,"y":67.53},{"time":0.3333,"x":447,"y":100.9},{"time":0.5,"x":603.17,"y":178.2},{"time":0.6667,"x":390.31,"y":-26.71},{"time":0.8333,"x":170.46,"y":-28.86},{"time":1,"x":286.61,"y":-31},{"time":1.3333,"x":40.2,"y":-14.39}],"scale":[{"y":-1}]},"top arm R":{"rotate":[{"angle":-1.83}]}}},"animation":{},"dead":{"slots":{"Body":{"color":[{"time":1.0667,"color":"ffffffff"},{"time":1.1667,"color":"000000ff"},{"time":1.3667,"color":"00000000"}]},"weapon":{"color":[{"time":1.0667,"color":"ffffffff"},{"time":1.1667,"color":"000000ff"},{"time":1.3667,"color":"00000000"}]},"Foot L":{"color":[{"time":1.0667,"color":"ffffffff"},{"time":1.1667,"color":"000000ff"},{"time":1.3667,"color":"00000000"}]},"arm bot R":{"color":[{"time":1.0667,"color":"ffffffff"},{"time":1.1667,"color":"000000ff"},{"time":1.3667,"color":"00000000"}]},"arm top L":{"color":[{"time":1.0667,"color":"ffffffff"},{"time":1.1667,"color":"000000ff"},{"time":1.3667,"color":"00000000"}]},"hand L":{"color":[{"time":1.0667,"color":"ffffffff"},{"time":1.1667,"color":"000000ff"},{"time":1.3667,"color":"00000000"}]},"arm bot L":{"color":[{"time":1.0667,"color":"ffffffff"},{"time":1.1667,"color":"000000ff"},{"time":1.3667,"color":"00000000"}]},"hand R":{"color":[{"time":1.0667,"color":"ffffffff"},{"time":1.1667,"color":"000000ff"},{"time":1.3667,"color":"00000000"}]},"arm top R":{"color":[{"time":1.0667,"color":"ffffffff"},{"time":1.1667,"color":"000000ff"},{"time":1.3667,"color":"00000000"}]},"head":{"color":[{"time":1.0667,"color":"ffffffff"},{"time":1.1667,"color":"000000ff"},{"time":1.3667,"color":"00000000"}]},"Leg top R":{"color":[{"time":1.0667,"color":"ffffffff"},{"time":1.1667,"color":"000000ff"},{"time":1.3667,"color":"00000000"}]},"arm R ex":{"color":[{"time":1.0667,"color":"ffffffff"},{"time":1.1667,"color":"000000ff"},{"time":1.3667,"color":"00000000"}]},"Leg top L":{"color":[{"time":1.0667,"color":"ffffffff"},{"time":1.1667,"color":"000000ff"},{"time":1.3667,"color":"00000000"}]},"Leg bot R":{"color":[{"time":1.0667,"color":"ffffffff"},{"time":1.1667,"color":"000000ff"},{"time":1.3667,"color":"00000000"}]},"Foot R":{"color":[{"time":1.0667,"color":"ffffffff"},{"time":1.1667,"color":"000000ff"},{"time":1.3667,"color":"00000000"}]},"Ellipse 1 copy":{"color":[{"time":1.0667,"color":"ffffffff"},{"time":1.1667,"color":"000000ff"},{"time":1.3667,"color":"00000000"}]},"Hip":{"color":[{"time":1.0667,"color":"ffffffff"},{"time":1.1667,"color":"000000ff"},{"time":1.3667,"color":"00000000"}]},"Leg bot L":{"color":[{"time":1.0667,"color":"ffffffff"},{"time":1.1667,"color":"000000ff"},{"time":1.3667,"color":"00000000"}]}},"bones":{"body2":{"rotate":[{"curve":0.25,"c3":0.484,"c4":0.99},{"time":0.3333,"angle":-3.78,"curve":0.25,"c3":0.484,"c4":0.99},{"time":0.8333,"curve":0,"c2":0.39,"c3":0.976,"c4":0.42},{"time":0.9333,"angle":-1.68,"curve":0.257,"c2":0.5,"c3":0.57},{"time":1.0333}]},"bot arm R":{"rotate":[{"angle":3.88}]},"face":{"rotate":[{"time":0.3333,"curve":0.312,"c3":0.615,"c4":0.5},{"time":0.8333,"angle":21.19,"curve":0,"c2":0.39,"c3":0.976,"c4":0.42},{"time":0.9333,"angle":19.83,"curve":0.309,"c2":0.27,"c3":0.635,"c4":0.64},{"time":1.0333,"angle":21.19}]},"body":{"rotate":[{"curve":0.25,"c3":0.484,"c4":0.99},{"time":0.3333,"angle":-3.78,"curve":0.25,"c3":0.484,"c4":0.99},{"time":0.8333,"curve":0,"c2":0.39,"c3":0.976,"c4":0.42},{"time":0.9333,"angle":-1.68,"curve":0.257,"c2":0.5,"c3":0.57},{"time":1.0333}]},"Leg bot R":{"rotate":[{"angle":5.57}]},"hip":{"rotate":[{"curve":0.326,"c3":0.645,"c4":0.43},{"time":0.3333,"angle":-4.24,"curve":0.326,"c3":0.645,"c4":0.43},{"time":0.8333,"angle":-90.94,"curve":0,"c2":0.39,"c3":0.976,"c4":0.42},{"time":0.9333,"angle":-90.13,"curve":0.257,"c2":0.5,"c3":0.57},{"time":1.0333,"angle":-90.94}],"translate":[{"curve":0.326,"c3":0.645,"c4":0.43},{"time":0.3333,"x":53.48,"y":-68.07,"curve":0.326,"c3":0.645,"c4":0.43},{"time":0.8333,"x":1385.89,"y":-529.39,"curve":0,"c2":0.39,"c3":0.976,"c4":0.42},{"time":0.9333,"x":1397.47,"y":-621.47,"curve":0.257,"c2":0.5,"c3":0.57},{"time":1.0333,"x":1385.89,"y":-529.39}]},"body4":{"rotate":[{"curve":0.25,"c3":0.484,"c4":0.99},{"time":0.3333,"angle":-3.78,"curve":0.25,"c3":0.484,"c4":0.99},{"time":0.8333,"curve":0,"c2":0.39,"c3":0.976,"c4":0.42},{"time":0.9333,"angle":-1.68,"curve":0.257,"c2":0.5,"c3":0.57},{"time":1.0333}]},"bot arm L":{"rotate":[{"angle":27.82}]},"Leg top R":{"rotate":[{"angle":-4.56}]},"Foot L":{"rotate":[{"time":0.3333,"curve":0.284,"c3":0.554,"c4":0.66},{"time":0.6667,"angle":-83.78,"curve":0.29,"c2":0.59,"c3":0.619,"c4":0.99},{"time":0.8333,"angle":-92.02}],"translate":[{"time":0.3333,"curve":0.284,"c3":0.554,"c4":0.66},{"time":0.6667,"x":219.44,"y":-62.7,"curve":0.29,"c2":0.59,"c3":0.619,"c4":0.99},{"time":0.8333,"x":241.02,"y":-68.86}]},"foot R":{"rotate":[{"time":0.3333,"curve":0.25,"c3":0.484,"c4":0.99},{"time":0.8333,"angle":-67.43}],"translate":[{"curve":0.312,"c3":0.615,"c4":0.5},{"time":0.1667,"x":218.18,"y":133.22,"curve":0.257,"c2":0.5,"c3":0.57},{"time":0.3333,"x":335.94,"curve":0.312,"c3":0.615,"c4":0.5},{"time":0.8333,"x":1149.17,"y":142.03}]},"Leg top L":{"rotate":[{"angle":5.67}]},"Leg bot L":{"rotate":[{"angle":-11.82}]},"body5":{"rotate":[{"curve":0.25,"c3":0.484,"c4":0.99},{"time":0.3333,"angle":-3.78,"curve":0.25,"c3":0.484,"c4":0.99},{"time":0.8333,"curve":0,"c2":0.39,"c3":0.976,"c4":0.42},{"time":0.9333,"angle":-1.68,"curve":0.257,"c2":0.5,"c3":0.57},{"time":1.0333}]},"top arm L":{"rotate":[{"angle":-7.34}]},"top arm R":{"rotate":[{"angle":-1.83}]},"hand L":{"rotate":[{"curve":0.326,"c3":0.645,"c4":0.43},{"time":0.3333,"angle":-16.25,"curve":0.326,"c3":0.645,"c4":0.43},{"time":0.8333,"angle":-54.61}],"translate":[{"curve":0.326,"c3":0.645,"c4":0.43},{"time":0.3333,"x":43.76,"y":-145.86,"curve":0.326,"c3":0.645,"c4":0.43},{"time":0.8333,"x":1760.77,"y":-1245.28,"curve":0,"c2":0.39,"c3":0.976,"c4":0.42},{"time":0.9333,"x":1754.98,"y":-1291.62,"curve":0.257,"c2":0.5,"c3":0.57},{"time":1.0333,"x":1760.77,"y":-1245.28}]},"body3":{"rotate":[{"curve":0.25,"c3":0.484,"c4":0.99},{"time":0.3333,"angle":-3.78,"curve":0.25,"c3":0.484,"c4":0.99},{"time":0.8333,"curve":0,"c2":0.39,"c3":0.976,"c4":0.42},{"time":0.9333,"angle":-1.68,"curve":0.257,"c2":0.5,"c3":0.57},{"time":1.0333}]},"hand R":{"rotate":[{"angle":10.16,"curve":"stepped"},{"time":0.3333,"angle":10.16,"curve":0.25,"c3":0.484,"c4":0.99},{"time":0.8333,"angle":61.15}],"translate":[{"x":24.47,"y":9.79,"curve":"stepped"},{"time":0.3333,"x":24.47,"y":9.79,"curve":0.25,"c3":0.484,"c4":0.99},{"time":0.8333,"x":879.87,"y":-310.5}]},"bone":{"translate":[{"curve":0.25,"c3":0.484,"c4":0.99},{"time":0.3333,"x":162,"curve":0.25,"c3":0.484,"c4":0.99},{"time":0.8333,"x":1992}],"scale":[{"time":0.3333,"curve":0.25,"c3":0.484,"c4":0.99},{"time":0.8333,"x":2.226}]}}}}}